Race_ID,Bet_Type,Raw_Combination_Key,Odds_Lower,Odds_Upper,Invalid_Reason
202506010911,TRIO,030514,99999.9,,NETKEIBA_SENTINEL
202506010911,TRIO,030517,99999.9,,NETKEIBA_SENTINEL
202506010911,TRIO,031415,99999.9,,NETKEIBA_SENTINEL
202506010911,TRIO,031417,99999.9,,NETKEIBA_SENTINEL
202506010911,TRIO,031418,99999.9,,NETKEIBA_SENTINEL
202506010911,TRIO,051214,99999.9,,NETKEIBA_SENTINEL
202506010911,TRIO,051416,99999.9,,NETKEIBA_SENTINEL
202506010911,TRIO,051417,99999.9,,NETKEIBA_SENTINEL
202506010911,TRIO,051418,99999.9,,NETKEIBA_SENTINEL
202506010911,TRIFECTA,051714,999999.9,,NETKEIBA_SENTINEL
202506010911,TRIFECTA,070315,999999.9,,NETKEIBA_SENTINEL
202506010911,TRIFECTA,071412,999999.9,,NETKEIBA_SENTINEL
202506010911,TRIFECTA,120314,999999.9,,NETKEIBA_SENTINEL
202506010911,TRIFECTA,120514,999999.9,,NETKEIBA_SENTINEL
202506010911,TRIFECTA,120714,999999.9,,NETKEIBA_SENTINEL
202506010911,TRIFECTA,121405,999999.9,,NETKEIBA_SENTINEL
202506010911,TRIFECTA,121407,999999.9,,NETKEIBA_SENTINEL
202506010911,TRIFECTA,121415,999999.9,,NETKEIBA_SENTINEL
202506010911,TRIFECTA,121514,999999.9,,NETKEIBA_SENTINEL
202506010911,TRIFECTA,140311,999999.9,,NETKEIBA_SENTINEL
202506010911,TRIFECTA,140312,999999.9,,NETKEIBA_SENTINEL
202506010911,TRIFECTA,140315,999999.9,,NETKEIBA_SENTINEL
202506010911,TRIFECTA,140318,999999.9,,NETKEIBA_SENTINEL
202506010911,TRIFECTA,140512,999999.9,,NETKEIBA_SENTINEL
202506010911,TRIFECTA,140615,999999.9,,NETKEIBA_SENTINEL
202506010911,TRIFECTA,140712,999999.9,,NETKEIBA_SENTINEL
202506010911,TRIFECTA,141015,999999.9,,NETKEIBA_SENTINEL
202506010911,TRIFECTA,141103,999999.9,,NETKEIBA_SENTINEL
202506010911,TRIFECTA,141203,999999.9,,NETKEIBA_SENTINEL
202506010911,TRIFECTA,141205,999999.9,,NETKEIBA_SENTINEL
202506010911,TRIFECTA,141207,999999.9,,NETKEIBA_SENTINEL
202506010911,TRIFECTA,151207,999999.9,,NETKEIBA_SENTINEL
202506020211,TRIFECTA,061302,999999.9,,NETKEIBA_SENTINEL
202505030211,TRIO,020415,99999.9,,NETKEIBA_SENTINEL
202505030211,TRIO,020515,99999.9,,NETKEIBA_SENTINEL
202505030211,TRIO,020715,99999.9,,NETKEIBA_SENTINEL
202505030211,TRIO,020815,99999.9,,NETKEIBA_SENTINEL
202505030211,TRIO,021115,99999.9,,NETKEIBA_SENTINEL
202505030211,TRIO,021415,99999.9,,NETKEIBA_SENTINEL
202505030211,TRIO,021516,99999.9,,NETKEIBA_SENTINEL
202505030211,TRIO,021518,99999.9,,NETKEIBA_SENTINEL
202505030211,TRIO,040615,99999.9,,NETKEIBA_SENTINEL
202505030211,TRIO,050615,99999.9,,NETKEIBA_SENTINEL
202505030211,TRIO,060715,99999.9,,NETKEIBA_SENTINEL
202505030211,TRIO,061115,99999.9,,NETKEIBA_SENTINEL
202505030211,TRIO,061415,99999.9,,NETKEIBA_SENTINEL
202505030211,TRIO,061516,99999.9,,NETKEIBA_SENTINEL
202505030211,TRIFECTA,021511,999999.9,,NETKEIBA_SENTINEL
202505030211,TRIFECTA,021512,999999.9,,NETKEIBA_SENTINEL
202505030211,TRIFECTA,021514,999999.9,,NETKEIBA_SENTINEL
202505030211,TRIFECTA,061115,999999.9,,NETKEIBA_SENTINEL
202505030211,TRIFECTA,061503,999999.9,,NETKEIBA_SENTINEL
202505030211,TRIFECTA,061507,999999.9,,NETKEIBA_SENTINEL
202505030211,TRIFECTA,150203,999999.9,,NETKEIBA_SENTINEL
202505030211,TRIFECTA,150603,999999.9,,NETKEIBA_SENTINEL
202505030211,TRIFECTA,150604,999999.9,,NETKEIBA_SENTINEL
202505030211,TRIFECTA,150607,999999.9,,NETKEIBA_SENTINEL
202505030211,TRIFECTA,150611,999999.9,,NETKEIBA_SENTINEL
202505030211,TRIFECTA,150702,999999.9,,NETKEIBA_SENTINEL
202505030211,TRIFECTA,151102,999999.9,,NETKEIBA_SENTINEL
202505030211,TRIFECTA,151106,999999.9,,NETKEIBA_SENTINEL
202510011011,WIN,01,-2.0,,NONPOSITIVE_OR_MISSING
202510011011,QUINELLA,0102,-2.0,,NONPOSITIVE_OR_MISSING
202510011011,QUINELLA,0103,-2.0,,NONPOSITIVE_OR_MISSING
202510011011,QUINELLA,0104,-2.0,,NONPOSITIVE_OR_MISSING
202510011011,QUINELLA,0105,-2.0,,NONPOSITIVE_OR_MISSING
202510011011,QUINELLA,0106,-2.0,,NONPOSITIVE_OR_MISSING
202510011011,QUINELLA,0107,-2.0,,NONPOSITIVE_OR_MISSING
202510011011,QUINELLA,0108,-2.0,,NONPOSITIVE_OR_MISSING
202510011011,QUINELLA,0109,-2.0,,NONPOSITIVE_OR_MISSING
202510011011,QUINELLA,0110,-2.0,,NONPOSITIVE_OR_MISSING
202510011011,QUINELLA,0111,-2.0,,NONPOSITIVE_OR_MISSING
202510011011,QUINELLA,0112,-2.0,,NONPOSITIVE_OR_MISSING
202510011011,QUINELLA,0113,-2.0,,NONPOSITIVE_OR_MISSING
202510011011,QUINELLA,0114,-2.0,,NONPOSITIVE_OR_MISSING
202510011011,WIDE,0102,-2.0,-2.0,NONPOSITIVE_OR_MISSING
202510011011,WIDE,0103,-2.0,-2.0,NONPOSITIVE_OR_MISSING
202510011011,WIDE,0104,-2.0,-2.0,NONPOSITIVE_OR_MISSING
202510011011,WIDE,0105,-2.0,-2.0,NONPOSITIVE_OR_MISSING
202510011011,WIDE,0106,-2.0,-2.0,NONPOSITIVE_OR_MISSING
202510011011,WIDE,0107,-2.0,-2.0,NONPOSITIVE_OR_MISSING
202510011011,WIDE,0108,-2.0,-2.0,NONPOSITIVE_OR_MISSING
202510011011,WIDE,0109,-2.0,-2.0,NONPOSITIVE_OR_MISSING
202510011011,WIDE,0110,-2.0,-2.0,NONPOSITIVE_OR_MISSING
202510011011,WIDE,0111,-2.0,-2.0,NONPOSITIVE_OR_MISSING
202510011011,WIDE,0112,-2.0,-2.0,NONPOSITIVE_OR_MISSING
202510011011,WIDE,0113,-2.0,-2.0,NONPOSITIVE_OR_MISSING
202510011011,WIDE,0114,-2.0,-2.0,NONPOSITIVE_OR_MISSING
202510011011,EXACTA,0102,-2.0,,NONPOSITIVE_OR_MISSING
202510011011,EXACTA,0103,-2.0,,NONPOSITIVE_OR_MISSING
202510011011,EXACTA,0104,-2.0,,NONPOSITIVE_OR_MISSING
202510011011,EXACTA,0105,-2.0,,NONPOSITIVE_OR_MISSING
202510011011,EXACTA,0106,-2.0,,NONPOSITIVE_OR_MISSING
202510011011,EXACTA,0107,-2.0,,NONPOSITIVE_OR_MISSING
202510011011,EXACTA,0108,-2.0,,NONPOSITIVE_OR_MISSING
202510011011,EXACTA,0109,-2.0,,NONPOSITIVE_OR_MISSING
202510011011,EXACTA,0110,-2.0,,NONPOSITIVE_OR_MISSING
202510011011,EXACTA,0111,-2.0,,NONPOSITIVE_OR_MISSING
202510011011,EXACTA,0112,-2.0,,NONPOSITIVE_OR_MISSING
202510011011,EXACTA,0113,-2.0,,NONPOSITIVE_OR_MISSING
202510011011,EXACTA,0114,-2.0,,NONPOSITIVE_OR_MISSING
202510011011,EXACTA,0201,-2.0,,NONPOSITIVE_OR_MISSING
202510011011,EXACTA,0301,-2.0,,NONPOSITIVE_OR_MISSING
202510011011,EXACTA,0401,-2.0,,NONPOSITIVE_OR_MISSING
202510011011,EXACTA,0501,-2.0,,NONPOSITIVE_OR_MISSING
202510011011,EXACTA,0601,-2.0,,NONPOSITIVE_OR_MISSING
202510011011,EXACTA,0701,-2.0,,NONPOSITIVE_OR_MISSING
202510011011,EXACTA,0801,-2.0,,NONPOSITIVE_OR_MISSING
202510011011,EXACTA,0901,-2.0,,NONPOSITIVE_OR_MISSING
202510011011,EXACTA,1001,-2.0,,NONPOSITIVE_OR_MISSING
202510011011,EXACTA,1101,-2.0,,NONPOSITIVE_OR_MISSING
202510011011,EXACTA,1201,-2.0,,NONPOSITIVE_OR_MISSING
202510011011,EXACTA,1301,-2.0,,NONPOSITIVE_OR_MISSING
202510011011,EXACTA,1401,-2.0,,NONPOSITIVE_OR_MISSING
202510011011,TRIO,010203,-2.0,,NONPOSITIVE_OR_MISSING
202510011011,TRIO,010204,-2.0,,NONPOSITIVE_OR_MISSING
202510011011,TRIO,010205,-2.0,,NONPOSITIVE_OR_MISSING
202510011011,TRIO,010206,-2.0,,NONPOSITIVE_OR_MISSING
202510011011,TRIO,010207,-2.0,,NONPOSITIVE_OR_MISSING
202510011011,TRIO,010208,-2.0,,NONPOSITIVE_OR_MISSING
202510011011,TRIO,010209,-2.0,,NONPOSITIVE_OR_MISSING
202510011011,TRIO,010210,-2.0,,NONPOSITIVE_OR_MISSING
202510011011,TRIO,010211,-2.0,,NONPOSITIVE_OR_MISSING
202510011011,TRIO,010212,-2.0,,NONPOSITIVE_OR_MISSING
202510011011,TRIO,010213,-2.0,,NONPOSITIVE_OR_MISSING
202510011011,TRIO,010214,-2.0,,NONPOSITIVE_OR_MISSING
202510011011,TRIO,010304,-2.0,,NONPOSITIVE_OR_MISSING
202510011011,TRIO,010305,-2.0,,NONPOSITIVE_OR_MISSING
202510011011,TRIO,010306,-2.0,,NONPOSITIVE_OR_MISSING
202510011011,TRIO,010307,-2.0,,NONPOSITIVE_OR_MISSING
202510011011,TRIO,010308,-2.0,,NONPOSITIVE_OR_MISSING
202510011011,TRIO,010309,-2.0,,NONPOSITIVE_OR_MISSING
202510011011,TRIO,010310,-2.0,,NONPOSITIVE_OR_MISSING
202510011011,TRIO,010311,-2.0,,NONPOSITIVE_OR_MISSING
202510011011,TRIO,010312,-2.0,,NONPOSITIVE_OR_MISSING
202510011011,TRIO,010313,-2.0,,NONPOSITIVE_OR_MISSING
202510011011,TRIO,010314,-2.0,,NONPOSITIVE_OR_MISSING
202510011011,TRIO,010405,-2.0,,NONPOSITIVE_OR_MISSING
202510011011,TRIO,010406,-2.0,,NONPOSITIVE_OR_MISSING
202510011011,TRIO,010407,-2.0,,NONPOSITIVE_OR_MISSING
202510011011,TRIO,010408,-2.0,,NONPOSITIVE_OR_MISSING
202510011011,TRIO,010409,-2.0,,NONPOSITIVE_OR_MISSING
202510011011,TRIO,010410,-2.0,,NONPOSITIVE_OR_MISSING
202510011011,TRIO,010411,-2.0,,NONPOSITIVE_OR_MISSING
202510011011,TRIO,010412,-2.0,,NONPOSITIVE_OR_MISSING
202510011011,TRIO,010413,-2.0,,NONPOSITIVE_OR_MISSING
202510011011,TRIO,010414,-2.0,,NONPOSITIVE_OR_MISSING
202510011011,TRIO,010506,-2.0,,NONPOSITIVE_OR_MISSING
202510011011,TRIO,010507,-2.0,,NONPOSITIVE_OR_MISSING
202510011011,TRIO,010508,-2.0,,NONPOSITIVE_OR_MISSING
202510011011,TRIO,010509,-2.0,,NONPOSITIVE_OR_MISSING
202510011011,TRIO,010510,-2.0,,NONPOSITIVE_OR_MISSING
202510011011,TRIO,010511,-2.0,,NONPOSITIVE_OR_MISSING
202510011011,TRIO,010512,-2.0,,NONPOSITIVE_OR_MISSING
202510011011,TRIO,010513,-2.0,,NONPOSITIVE_OR_MISSING
202510011011,TRIO,010514,-2.0,,NONPOSITIVE_OR_MISSING
202510011011,TRIO,010607,-2.0,,NONPOSITIVE_OR_MISSING
202510011011,TRIO,010608,-2.0,,NONPOSITIVE_OR_MISSING
202510011011,TRIO,010609,-2.0,,NONPOSITIVE_OR_MISSING
202510011011,TRIO,010610,-2.0,,NONPOSITIVE_OR_MISSING
202510011011,TRIO,010611,-2.0,,NONPOSITIVE_OR_MISSING
202510011011,TRIO,010612,-2.0,,NONPOSITIVE_OR_MISSING
202510011011,TRIO,010613,-2.0,,NONPOSITIVE_OR_MISSING
202510011011,TRIO,010614,-2.0,,NONPOSITIVE_OR_MISSING
202510011011,TRIO,010708,-2.0,,NONPOSITIVE_OR_MISSING
202510011011,TRIO,010709,-2.0,,NONPOSITIVE_OR_MISSING
202510011011,TRIO,010710,-2.0,,NONPOSITIVE_OR_MISSING
202510011011,TRIO,010711,-2.0,,NONPOSITIVE_OR_MISSING
202510011011,TRIO,010712,-2.0,,NONPOSITIVE_OR_MISSING
202510011011,TRIO,010713,-2.0,,NONPOSITIVE_OR_MISSING
202510011011,TRIO,010714,-2.0,,NONPOSITIVE_OR_MISSING
202510011011,TRIO,010809,-2.0,,NONPOSITIVE_OR_MISSING
202510011011,TRIO,010810,-2.0,,NONPOSITIVE_OR_MISSING
202510011011,TRIO,010811,-2.0,,NONPOSITIVE_OR_MISSING
202510011011,TRIO,010812,-2.0,,NONPOSITIVE_OR_MISSING
202510011011,TRIO,010813,-2.0,,NONPOSITIVE_OR_MISSING
202510011011,TRIO,010814,-2.0,,NONPOSITIVE_OR_MISSING
202510011011,TRIO,010910,-2.0,,NONPOSITIVE_OR_MISSING
202510011011,TRIO,010911,-2.0,,NONPOSITIVE_OR_MISSING
202510011011,TRIO,010912,-2.0,,NONPOSITIVE_OR_MISSING
202510011011,TRIO,010913,-2.0,,NONPOSITIVE_OR_MISSING
202510011011,TRIO,010914,-2.0,,NONPOSITIVE_OR_MISSING
202510011011,TRIO,011011,-2.0,,NONPOSITIVE_OR_MISSING
202510011011,TRIO,011012,-2.0,,NONPOSITIVE_OR_MISSING
202510011011,TRIO,011013,-2.0,,NONPOSITIVE_OR_MISSING
202510011011,TRIO,011014,-2.0,,NONPOSITIVE_OR_MISSING
202510011011,TRIO,011112,-2.0,,NONPOSITIVE_OR_MISSING
202510011011,TRIO,011113,-2.0,,NONPOSITIVE_OR_MISSING
202510011011,TRIO,011114,-2.0,,NONPOSITIVE_OR_MISSING
202510011011,TRIO,011213,-2.0,,NONPOSITIVE_OR_MISSING
202510011011,TRIO,011214,-2.0,,NONPOSITIVE_OR_MISSING
202510011011,TRIO,011314,-2.0,,NONPOSITIVE_OR_MISSING
202510011011,TRIFECTA,010203,-2.0,,NONPOSITIVE_OR_MISSING
202510011011,TRIFECTA,010204,-2.0,,NONPOSITIVE_OR_MISSING
202510011011,TRIFECTA,010205,-2.0,,NONPOSITIVE_OR_MISSING
202510011011,TRIFECTA,010206,-2.0,,NONPOSITIVE_OR_MISSING
202510011011,TRIFECTA,010207,-2.0,,NONPOSITIVE_OR_MISSING
202510011011,TRIFECTA,010208,-2.0,,NONPOSITIVE_OR_MISSING
202510011011,TRIFECTA,010209,-2.0,,NONPOSITIVE_OR_MISSING
202510011011,TRIFECTA,010210,-2.0,,NONPOSITIVE_OR_MISSING
202510011011,TRIFECTA,010211,-2.0,,NONPOSITIVE_OR_MISSING
202510011011,TRIFECTA,010212,-2.0,,NONPOSITIVE_OR_MISSING
202510011011,TRIFECTA,010213,-2.0,,NONPOSITIVE_OR_MISSING
202510011011,TRIFECTA,010214,-2.0,,NONPOSITIVE_OR_MISSING
202510011011,TRIFECTA,010302,-2.0,,NONPOSITIVE_OR_MISSING
202510011011,TRIFECTA,010304,-2.0,,NONPOSITIVE_OR_MISSING
202510011011,TRIFECTA,010305,-2.0,,NONPOSITIVE_OR_MISSING
202510011011,TRIFECTA,010306,-2.0,,NONPOSITIVE_OR_MISSING
202510011011,TRIFECTA,010307,-2.0,,NONPOSITIVE_OR_MISSING
202510011011,TRIFECTA,010308,-2.0,,NONPOSITIVE_OR_MISSING
202510011011,TRIFECTA,010309,-2.0,,NONPOSITIVE_OR_MISSING
202510011011,TRIFECTA,010310,-2.0,,NONPOSITIVE_OR_MISSING
202510011011,TRIFECTA,010311,-2.0,,NONPOSITIVE_OR_MISSING
202510011011,TRIFECTA,010312,-2.0,,NONPOSITIVE_OR_MISSING
202510011011,TRIFECTA,010313,-2.0,,NONPOSITIVE_OR_MISSING
202510011011,TRIFECTA,010314,-2.0,,NONPOSITIVE_OR_MISSING
202510011011,TRIFECTA,010402,-2.0,,NONPOSITIVE_OR_MISSING
202510011011,TRIFECTA,010403,-2.0,,NONPOSITIVE_OR_MISSING
202510011011,TRIFECTA,010405,-2.0,,NONPOSITIVE_OR_MISSING
202510011011,TRIFECTA,010406,-2.0,,NONPOSITIVE_OR_MISSING
202510011011,TRIFECTA,010407,-2.0,,NONPOSITIVE_OR_MISSING
202510011011,TRIFECTA,010408,-2.0,,NONPOSITIVE_OR_MISSING
202510011011,TRIFECTA,010409,-2.0,,NONPOSITIVE_OR_MISSING
202510011011,TRIFECTA,010410,-2.0,,NONPOSITIVE_OR_MISSING
202510011011,TRIFECTA,010411,-2.0,,NONPOSITIVE_OR_MISSING
202510011011,TRIFECTA,010412,-2.0,,NONPOSITIVE_OR_MISSING
202510011011,TRIFECTA,010413,-2.0,,NONPOSITIVE_OR_MISSING
202510011011,TRIFECTA,010414,-2.0,,NONPOSITIVE_OR_MISSING
202510011011,TRIFECTA,010502,-2.0,,NONPOSITIVE_OR_MISSING
202510011011,TRIFECTA,010503,-2.0,,NONPOSITIVE_OR_MISSING
202510011011,TRIFECTA,010504,-2.0,,NONPOSITIVE_OR_MISSING
202510011011,TRIFECTA,010506,-2.0,,NONPOSITIVE_OR_MISSING
202510011011,TRIFECTA,010507,-2.0,,NONPOSITIVE_OR_MISSING
202510011011,TRIFECTA,010508,-2.0,,NONPOSITIVE_OR_MISSING
202510011011,TRIFECTA,010509,-2.0,,NONPOSITIVE_OR_MISSING
202510011011,TRIFECTA,010510,-2.0,,NONPOSITIVE_OR_MISSING
202510011011,TRIFECTA,010511,-2.0,,NONPOSITIVE_OR_MISSING
202510011011,TRIFECTA,010512,-2.0,,NONPOSITIVE_OR_MISSING
202510011011,TRIFECTA,010513,-2.0,,NONPOSITIVE_OR_MISSING
202510011011,TRIFECTA,010514,-2.0,,NONPOSITIVE_OR_MISSING
202510011011,TRIFECTA,010602,-2.0,,NONPOSITIVE_OR_MISSING
202510011011,TRIFECTA,010603,-2.0,,NONPOSITIVE_OR_MISSING
202510011011,TRIFECTA,010604,-2.0,,NONPOSITIVE_OR_MISSING
202510011011,TRIFECTA,010605,-2.0,,NONPOSITIVE_OR_MISSING
202510011011,TRIFECTA,010607,-2.0,,NONPOSITIVE_OR_MISSING
202510011011,TRIFECTA,010608,-2.0,,NONPOSITIVE_OR_MISSING
202510011011,TRIFECTA,010609,-2.0,,NONPOSITIVE_OR_MISSING
202510011011,TRIFECTA,010610,-2.0,,NONPOSITIVE_OR_MISSING
202510011011,TRIFECTA,010611,-2.0,,NONPOSITIVE_OR_MISSING
202510011011,TRIFECTA,010612,-2.0,,NONPOSITIVE_OR_MISSING
202510011011,TRIFECTA,010613,-2.0,,NONPOSITIVE_OR_MISSING
202510011011,TRIFECTA,010614,-2.0,,NONPOSITIVE_OR_MISSING
202510011011,TRIFECTA,010702,-2.0,,NONPOSITIVE_OR_MISSING
202510011011,TRIFECTA,010703,-2.0,,NONPOSITIVE_OR_MISSING
202510011011,TRIFECTA,010704,-2.0,,NONPOSITIVE_OR_MISSING
202510011011,TRIFECTA,010705,-2.0,,NONPOSITIVE_OR_MISSING
202510011011,TRIFECTA,010706,-2.0,,NONPOSITIVE_OR_MISSING
202510011011,TRIFECTA,010708,-2.0,,NONPOSITIVE_OR_MISSING
202510011011,TRIFECTA,010709,-2.0,,NONPOSITIVE_OR_MISSING
202510011011,TRIFECTA,010710,-2.0,,NONPOSITIVE_OR_MISSING
202510011011,TRIFECTA,010711,-2.0,,NONPOSITIVE_OR_MISSING
202510011011,TRIFECTA,010712,-2.0,,NONPOSITIVE_OR_MISSING
202510011011,TRIFECTA,010713,-2.0,,NONPOSITIVE_OR_MISSING
202510011011,TRIFECTA,010714,-2.0,,NONPOSITIVE_OR_MISSING
202510011011,TRIFECTA,010802,-2.0,,NONPOSITIVE_OR_MISSING
202510011011,TRIFECTA,010803,-2.0,,NONPOSITIVE_OR_MISSING
202510011011,TRIFECTA,010804,-2.0,,NONPOSITIVE_OR_MISSING
202510011011,TRIFECTA,010805,-2.0,,NONPOSITIVE_OR_MISSING
202510011011,TRIFECTA,010806,-2.0,,NONPOSITIVE_OR_MISSING
202510011011,TRIFECTA,010807,-2.0,,NONPOSITIVE_OR_MISSING
202510011011,TRIFECTA,010809,-2.0,,NONPOSITIVE_OR_MISSING
202510011011,TRIFECTA,010810,-2.0,,NONPOSITIVE_OR_MISSING
202510011011,TRIFECTA,010811,-2.0,,NONPOSITIVE_OR_MISSING
202510011011,TRIFECTA,010812,-2.0,,NONPOSITIVE_OR_MISSING
202510011011,TRIFECTA,010813,-2.0,,NONPOSITIVE_OR_MISSING
202510011011,TRIFECTA,010814,-2.0,,NONPOSITIVE_OR_MISSING
202510011011,TRIFECTA,010902,-2.0,,NONPOSITIVE_OR_MISSING
202510011011,TRIFECTA,010903,-2.0,,NONPOSITIVE_OR_MISSING
202510011011,TRIFECTA,010904,-2.0,,NONPOSITIVE_OR_MISSING
202510011011,TRIFECTA,010905,-2.0,,NONPOSITIVE_OR_MISSING
202510011011,TRIFECTA,010906,-2.0,,NONPOSITIVE_OR_MISSING
202510011011,TRIFECTA,010907,-2.0,,NONPOSITIVE_OR_MISSING
202510011011,TRIFECTA,010908,-2.0,,NONPOSITIVE_OR_MISSING
202510011011,TRIFECTA,010910,-2.0,,NONPOSITIVE_OR_MISSING
202510011011,TRIFECTA,010911,-2.0,,NONPOSITIVE_OR_MISSING
202510011011,TRIFECTA,010912,-2.0,,NONPOSITIVE_OR_MISSING
202510011011,TRIFECTA,010913,-2.0,,NONPOSITIVE_OR_MISSING
202510011011,TRIFECTA,010914,-2.0,,NONPOSITIVE_OR_MISSING
202510011011,TRIFECTA,011002,-2.0,,NONPOSITIVE_OR_MISSING
202510011011,TRIFECTA,011003,-2.0,,NONPOSITIVE_OR_MISSING
202510011011,TRIFECTA,011004,-2.0,,NONPOSITIVE_OR_MISSING
202510011011,TRIFECTA,011005,-2.0,,NONPOSITIVE_OR_MISSING
202510011011,TRIFECTA,011006,-2.0,,NONPOSITIVE_OR_MISSING
202510011011,TRIFECTA,011007,-2.0,,NONPOSITIVE_OR_MISSING
202510011011,TRIFECTA,011008,-2.0,,NONPOSITIVE_OR_MISSING
202510011011,TRIFECTA,011009,-2.0,,NONPOSITIVE_OR_MISSING
202510011011,TRIFECTA,011011,-2.0,,NONPOSITIVE_OR_MISSING
202510011011,TRIFECTA,011012,-2.0,,NONPOSITIVE_OR_MISSING
202510011011,TRIFECTA,011013,-2.0,,NONPOSITIVE_OR_MISSING
202510011011,TRIFECTA,011014,-2.0,,NONPOSITIVE_OR_MISSING
202510011011,TRIFECTA,011102,-2.0,,NONPOSITIVE_OR_MISSING
202510011011,TRIFECTA,011103,-2.0,,NONPOSITIVE_OR_MISSING
202510011011,TRIFECTA,011104,-2.0,,NONPOSITIVE_OR_MISSING
202510011011,TRIFECTA,011105,-2.0,,NONPOSITIVE_OR_MISSING
202510011011,TRIFECTA,011106,-2.0,,NONPOSITIVE_OR_MISSING
202510011011,TRIFECTA,011107,-2.0,,NONPOSITIVE_OR_MISSING
202510011011,TRIFECTA,011108,-2.0,,NONPOSITIVE_OR_MISSING
202510011011,TRIFECTA,011109,-2.0,,NONPOSITIVE_OR_MISSING
202510011011,TRIFECTA,011110,-2.0,,NONPOSITIVE_OR_MISSING
202510011011,TRIFECTA,011112,-2.0,,NONPOSITIVE_OR_MISSING
202510011011,TRIFECTA,011113,-2.0,,NONPOSITIVE_OR_MISSING
202510011011,TRIFECTA,011114,-2.0,,NONPOSITIVE_OR_MISSING
202510011011,TRIFECTA,011202,-2.0,,NONPOSITIVE_OR_MISSING
202510011011,TRIFECTA,011203,-2.0,,NONPOSITIVE_OR_MISSING
202510011011,TRIFECTA,011204,-2.0,,NONPOSITIVE_OR_MISSING
202510011011,TRIFECTA,011205,-2.0,,NONPOSITIVE_OR_MISSING
202510011011,TRIFECTA,011206,-2.0,,NONPOSITIVE_OR_MISSING
202510011011,TRIFECTA,011207,-2.0,,NONPOSITIVE_OR_MISSING
202510011011,TRIFECTA,011208,-2.0,,NONPOSITIVE_OR_MISSING
202510011011,TRIFECTA,011209,-2.0,,NONPOSITIVE_OR_MISSING
202510011011,TRIFECTA,011210,-2.0,,NONPOSITIVE_OR_MISSING
202510011011,TRIFECTA,011211,-2.0,,NONPOSITIVE_OR_MISSING
202510011011,TRIFECTA,011213,-2.0,,NONPOSITIVE_OR_MISSING
202510011011,TRIFECTA,011214,-2.0,,NONPOSITIVE_OR_MISSING
202510011011,TRIFECTA,011302,-2.0,,NONPOSITIVE_OR_MISSING
202510011011,TRIFECTA,011303,-2.0,,NONPOSITIVE_OR_MISSING
202510011011,TRIFECTA,011304,-2.0,,NONPOSITIVE_OR_MISSING
202510011011,TRIFECTA,011305,-2.0,,NONPOSITIVE_OR_MISSING
202510011011,TRIFECTA,011306,-2.0,,NONPOSITIVE_OR_MISSING
202510011011,TRIFECTA,011307,-2.0,,NONPOSITIVE_OR_MISSING
202510011011,TRIFECTA,011308,-2.0,,NONPOSITIVE_OR_MISSING
202510011011,TRIFECTA,011309,-2.0,,NONPOSITIVE_OR_MISSING
202510011011,TRIFECTA,011310,-2.0,,NONPOSITIVE_OR_MISSING
202510011011,TRIFECTA,011311,-2.0,,NONPOSITIVE_OR_MISSING
202510011011,TRIFECTA,011312,-2.0,,NONPOSITIVE_OR_MISSING
202510011011,TRIFECTA,011314,-2.0,,NONPOSITIVE_OR_MISSING
202510011011,TRIFECTA,011402,-2.0,,NONPOSITIVE_OR_MISSING
202510011011,TRIFECTA,011403,-2.0,,NONPOSITIVE_OR_MISSING
202510011011,TRIFECTA,011404,-2.0,,NONPOSITIVE_OR_MISSING
202510011011,TRIFECTA,011405,-2.0,,NONPOSITIVE_OR_MISSING
202510011011,TRIFECTA,011406,-2.0,,NONPOSITIVE_OR_MISSING
202510011011,TRIFECTA,011407,-2.0,,NONPOSITIVE_OR_MISSING
202510011011,TRIFECTA,011408,-2.0,,NONPOSITIVE_OR_MISSING
202510011011,TRIFECTA,011409,-2.0,,NONPOSITIVE_OR_MISSING
202510011011,TRIFECTA,011410,-2.0,,NONPOSITIVE_OR_MISSING
202510011011,TRIFECTA,011411,-2.0,,NONPOSITIVE_OR_MISSING
202510011011,TRIFECTA,011412,-2.0,,NONPOSITIVE_OR_MISSING
202510011011,TRIFECTA,011413,-2.0,,NONPOSITIVE_OR_MISSING
202510011011,TRIFECTA,020103,-2.0,,NONPOSITIVE_OR_MISSING
202510011011,TRIFECTA,020104,-2.0,,NONPOSITIVE_OR_MISSING
202510011011,TRIFECTA,020105,-2.0,,NONPOSITIVE_OR_MISSING
202510011011,TRIFECTA,020106,-2.0,,NONPOSITIVE_OR_MISSING
202510011011,TRIFECTA,020107,-2.0,,NONPOSITIVE_OR_MISSING
202510011011,TRIFECTA,020108,-2.0,,NONPOSITIVE_OR_MISSING
202510011011,TRIFECTA,020109,-2.0,,NONPOSITIVE_OR_MISSING
202510011011,TRIFECTA,020110,-2.0,,NONPOSITIVE_OR_MISSING
202510011011,TRIFECTA,020111,-2.0,,NONPOSITIVE_OR_MISSING
202510011011,TRIFECTA,020112,-2.0,,NONPOSITIVE_OR_MISSING
202510011011,TRIFECTA,020113,-2.0,,NONPOSITIVE_OR_MISSING
202510011011,TRIFECTA,020114,-2.0,,NONPOSITIVE_OR_MISSING
202510011011,TRIFECTA,020301,-2.0,,NONPOSITIVE_OR_MISSING
202510011011,TRIFECTA,020401,-2.0,,NONPOSITIVE_OR_MISSING
202510011011,TRIFECTA,020501,-2.0,,NONPOSITIVE_OR_MISSING
202510011011,TRIFECTA,020601,-2.0,,NONPOSITIVE_OR_MISSING
202510011011,TRIFECTA,020701,-2.0,,NONPOSITIVE_OR_MISSING
202510011011,TRIFECTA,020801,-2.0,,NONPOSITIVE_OR_MISSING
202510011011,TRIFECTA,020901,-2.0,,NONPOSITIVE_OR_MISSING
202510011011,TRIFECTA,021001,-2.0,,NONPOSITIVE_OR_MISSING
202510011011,TRIFECTA,021101,-2.0,,NONPOSITIVE_OR_MISSING
202510011011,TRIFECTA,021201,-2.0,,NONPOSITIVE_OR_MISSING
202510011011,TRIFECTA,021301,-2.0,,NONPOSITIVE_OR_MISSING
202510011011,TRIFECTA,021401,-2.0,,NONPOSITIVE_OR_MISSING
202510011011,TRIFECTA,030102,-2.0,,NONPOSITIVE_OR_MISSING
202510011011,TRIFECTA,030104,-2.0,,NONPOSITIVE_OR_MISSING
202510011011,TRIFECTA,030105,-2.0,,NONPOSITIVE_OR_MISSING
202510011011,TRIFECTA,030106,-2.0,,NONPOSITIVE_OR_MISSING
202510011011,TRIFECTA,030107,-2.0,,NONPOSITIVE_OR_MISSING
202510011011,TRIFECTA,030108,-2.0,,NONPOSITIVE_OR_MISSING
202510011011,TRIFECTA,030109,-2.0,,NONPOSITIVE_OR_MISSING
202510011011,TRIFECTA,030110,-2.0,,NONPOSITIVE_OR_MISSING
202510011011,TRIFECTA,030111,-2.0,,NONPOSITIVE_OR_MISSING
202510011011,TRIFECTA,030112,-2.0,,NONPOSITIVE_OR_MISSING
202510011011,TRIFECTA,030113,-2.0,,NONPOSITIVE_OR_MISSING
202510011011,TRIFECTA,030114,-2.0,,NONPOSITIVE_OR_MISSING
202510011011,TRIFECTA,030201,-2.0,,NONPOSITIVE_OR_MISSING
202510011011,TRIFECTA,030401,-2.0,,NONPOSITIVE_OR_MISSING
202510011011,TRIFECTA,030501,-2.0,,NONPOSITIVE_OR_MISSING
202510011011,TRIFECTA,030601,-2.0,,NONPOSITIVE_OR_MISSING
202510011011,TRIFECTA,030701,-2.0,,NONPOSITIVE_OR_MISSING
202510011011,TRIFECTA,030801,-2.0,,NONPOSITIVE_OR_MISSING
202510011011,TRIFECTA,030901,-2.0,,NONPOSITIVE_OR_MISSING
202510011011,TRIFECTA,031001,-2.0,,NONPOSITIVE_OR_MISSING
202510011011,TRIFECTA,031101,-2.0,,NONPOSITIVE_OR_MISSING
202510011011,TRIFECTA,031201,-2.0,,NONPOSITIVE_OR_MISSING
202510011011,TRIFECTA,031301,-2.0,,NONPOSITIVE_OR_MISSING
202510011011,TRIFECTA,031401,-2.0,,NONPOSITIVE_OR_MISSING
202510011011,TRIFECTA,040102,-2.0,,NONPOSITIVE_OR_MISSING
202510011011,TRIFECTA,040103,-2.0,,NONPOSITIVE_OR_MISSING
202510011011,TRIFECTA,040105,-2.0,,NONPOSITIVE_OR_MISSING
202510011011,TRIFECTA,040106,-2.0,,NONPOSITIVE_OR_MISSING
202510011011,TRIFECTA,040107,-2.0,,NONPOSITIVE_OR_MISSING
202510011011,TRIFECTA,040108,-2.0,,NONPOSITIVE_OR_MISSING
202510011011,TRIFECTA,040109,-2.0,,NONPOSITIVE_OR_MISSING
202510011011,TRIFECTA,040110,-2.0,,NONPOSITIVE_OR_MISSING
202510011011,TRIFECTA,040111,-2.0,,NONPOSITIVE_OR_MISSING
202510011011,TRIFECTA,040112,-2.0,,NONPOSITIVE_OR_MISSING
202510011011,TRIFECTA,040113,-2.0,,NONPOSITIVE_OR_MISSING
202510011011,TRIFECTA,040114,-2.0,,NONPOSITIVE_OR_MISSING
202510011011,TRIFECTA,040201,-2.0,,NONPOSITIVE_OR_MISSING
202510011011,TRIFECTA,040301,-2.0,,NONPOSITIVE_OR_MISSING
202510011011,TRIFECTA,040501,-2.0,,NONPOSITIVE_OR_MISSING
202510011011,TRIFECTA,040601,-2.0,,NONPOSITIVE_OR_MISSING
202510011011,TRIFECTA,040701,-2.0,,NONPOSITIVE_OR_MISSING
202510011011,TRIFECTA,040801,-2.0,,NONPOSITIVE_OR_MISSING
202510011011,TRIFECTA,040901,-2.0,,NONPOSITIVE_OR_MISSING
202510011011,TRIFECTA,041001,-2.0,,NONPOSITIVE_OR_MISSING
202510011011,TRIFECTA,041101,-2.0,,NONPOSITIVE_OR_MISSING
202510011011,TRIFECTA,041201,-2.0,,NONPOSITIVE_OR_MISSING
202510011011,TRIFECTA,041301,-2.0,,NONPOSITIVE_OR_MISSING
202510011011,TRIFECTA,041401,-2.0,,NONPOSITIVE_OR_MISSING
202510011011,TRIFECTA,050102,-2.0,,NONPOSITIVE_OR_MISSING
202510011011,TRIFECTA,050103,-2.0,,NONPOSITIVE_OR_MISSING
202510011011,TRIFECTA,050104,-2.0,,NONPOSITIVE_OR_MISSING
202510011011,TRIFECTA,050106,-2.0,,NONPOSITIVE_OR_MISSING
202510011011,TRIFECTA,050107,-2.0,,NONPOSITIVE_OR_MISSING
202510011011,TRIFECTA,050108,-2.0,,NONPOSITIVE_OR_MISSING
202510011011,TRIFECTA,050109,-2.0,,NONPOSITIVE_OR_MISSING
202510011011,TRIFECTA,050110,-2.0,,NONPOSITIVE_OR_MISSING
202510011011,TRIFECTA,050111,-2.0,,NONPOSITIVE_OR_MISSING
202510011011,TRIFECTA,050112,-2.0,,NONPOSITIVE_OR_MISSING
202510011011,TRIFECTA,050113,-2.0,,NONPOSITIVE_OR_MISSING
202510011011,TRIFECTA,050114,-2.0,,NONPOSITIVE_OR_MISSING
202510011011,TRIFECTA,050201,-2.0,,NONPOSITIVE_OR_MISSING
202510011011,TRIFECTA,050301,-2.0,,NONPOSITIVE_OR_MISSING
202510011011,TRIFECTA,050401,-2.0,,NONPOSITIVE_OR_MISSING
202510011011,TRIFECTA,050601,-2.0,,NONPOSITIVE_OR_MISSING
202510011011,TRIFECTA,050701,-2.0,,NONPOSITIVE_OR_MISSING
202510011011,TRIFECTA,050801,-2.0,,NONPOSITIVE_OR_MISSING
202510011011,TRIFECTA,050901,-2.0,,NONPOSITIVE_OR_MISSING
202510011011,TRIFECTA,051001,-2.0,,NONPOSITIVE_OR_MISSING
202510011011,TRIFECTA,051101,-2.0,,NONPOSITIVE_OR_MISSING
202510011011,TRIFECTA,051201,-2.0,,NONPOSITIVE_OR_MISSING
202510011011,TRIFECTA,051301,-2.0,,NONPOSITIVE_OR_MISSING
202510011011,TRIFECTA,051401,-2.0,,NONPOSITIVE_OR_MISSING
202510011011,TRIFECTA,060102,-2.0,,NONPOSITIVE_OR_MISSING
202510011011,TRIFECTA,060103,-2.0,,NONPOSITIVE_OR_MISSING
202510011011,TRIFECTA,060104,-2.0,,NONPOSITIVE_OR_MISSING
202510011011,TRIFECTA,060105,-2.0,,NONPOSITIVE_OR_MISSING
202510011011,TRIFECTA,060107,-2.0,,NONPOSITIVE_OR_MISSING
202510011011,TRIFECTA,060108,-2.0,,NONPOSITIVE_OR_MISSING
202510011011,TRIFECTA,060109,-2.0,,NONPOSITIVE_OR_MISSING
202510011011,TRIFECTA,060110,-2.0,,NONPOSITIVE_OR_MISSING
202510011011,TRIFECTA,060111,-2.0,,NONPOSITIVE_OR_MISSING
202510011011,TRIFECTA,060112,-2.0,,NONPOSITIVE_OR_MISSING
202510011011,TRIFECTA,060113,-2.0,,NONPOSITIVE_OR_MISSING
202510011011,TRIFECTA,060114,-2.0,,NONPOSITIVE_OR_MISSING
202510011011,TRIFECTA,060201,-2.0,,NONPOSITIVE_OR_MISSING
202510011011,TRIFECTA,060301,-2.0,,NONPOSITIVE_OR_MISSING
202510011011,TRIFECTA,060401,-2.0,,NONPOSITIVE_OR_MISSING
202510011011,TRIFECTA,060501,-2.0,,NONPOSITIVE_OR_MISSING
202510011011,TRIFECTA,060701,-2.0,,NONPOSITIVE_OR_MISSING
202510011011,TRIFECTA,060801,-2.0,,NONPOSITIVE_OR_MISSING
202510011011,TRIFECTA,060901,-2.0,,NONPOSITIVE_OR_MISSING
202510011011,TRIFECTA,061001,-2.0,,NONPOSITIVE_OR_MISSING
202510011011,TRIFECTA,061101,-2.0,,NONPOSITIVE_OR_MISSING
202510011011,TRIFECTA,061201,-2.0,,NONPOSITIVE_OR_MISSING
202510011011,TRIFECTA,061301,-2.0,,NONPOSITIVE_OR_MISSING
202510011011,TRIFECTA,061401,-2.0,,NONPOSITIVE_OR_MISSING
202510011011,TRIFECTA,070102,-2.0,,NONPOSITIVE_OR_MISSING
202510011011,TRIFECTA,070103,-2.0,,NONPOSITIVE_OR_MISSING
202510011011,TRIFECTA,070104,-2.0,,NONPOSITIVE_OR_MISSING
202510011011,TRIFECTA,070105,-2.0,,NONPOSITIVE_OR_MISSING
202510011011,TRIFECTA,070106,-2.0,,NONPOSITIVE_OR_MISSING
202510011011,TRIFECTA,070108,-2.0,,NONPOSITIVE_OR_MISSING
202510011011,TRIFECTA,070109,-2.0,,NONPOSITIVE_OR_MISSING
202510011011,TRIFECTA,070110,-2.0,,NONPOSITIVE_OR_MISSING
202510011011,TRIFECTA,070111,-2.0,,NONPOSITIVE_OR_MISSING
202510011011,TRIFECTA,070112,-2.0,,NONPOSITIVE_OR_MISSING
202510011011,TRIFECTA,070113,-2.0,,NONPOSITIVE_OR_MISSING
202510011011,TRIFECTA,070114,-2.0,,NONPOSITIVE_OR_MISSING
202510011011,TRIFECTA,070201,-2.0,,NONPOSITIVE_OR_MISSING
202510011011,TRIFECTA,070301,-2.0,,NONPOSITIVE_OR_MISSING
202510011011,TRIFECTA,070401,-2.0,,NONPOSITIVE_OR_MISSING
202510011011,TRIFECTA,070501,-2.0,,NONPOSITIVE_OR_MISSING
202510011011,TRIFECTA,070601,-2.0,,NONPOSITIVE_OR_MISSING
202510011011,TRIFECTA,070801,-2.0,,NONPOSITIVE_OR_MISSING
202510011011,TRIFECTA,070901,-2.0,,NONPOSITIVE_OR_MISSING
202510011011,TRIFECTA,071001,-2.0,,NONPOSITIVE_OR_MISSING
202510011011,TRIFECTA,071101,-2.0,,NONPOSITIVE_OR_MISSING
202510011011,TRIFECTA,071201,-2.0,,NONPOSITIVE_OR_MISSING
202510011011,TRIFECTA,071301,-2.0,,NONPOSITIVE_OR_MISSING
202510011011,TRIFECTA,071401,-2.0,,NONPOSITIVE_OR_MISSING
202510011011,TRIFECTA,080102,-2.0,,NONPOSITIVE_OR_MISSING
202510011011,TRIFECTA,080103,-2.0,,NONPOSITIVE_OR_MISSING
202510011011,TRIFECTA,080104,-2.0,,NONPOSITIVE_OR_MISSING
202510011011,TRIFECTA,080105,-2.0,,NONPOSITIVE_OR_MISSING
202510011011,TRIFECTA,080106,-2.0,,NONPOSITIVE_OR_MISSING
202510011011,TRIFECTA,080107,-2.0,,NONPOSITIVE_OR_MISSING
202510011011,TRIFECTA,080109,-2.0,,NONPOSITIVE_OR_MISSING
202510011011,TRIFECTA,080110,-2.0,,NONPOSITIVE_OR_MISSING
202510011011,TRIFECTA,080111,-2.0,,NONPOSITIVE_OR_MISSING
202510011011,TRIFECTA,080112,-2.0,,NONPOSITIVE_OR_MISSING
202510011011,TRIFECTA,080113,-2.0,,NONPOSITIVE_OR_MISSING
202510011011,TRIFECTA,080114,-2.0,,NONPOSITIVE_OR_MISSING
202510011011,TRIFECTA,080201,-2.0,,NONPOSITIVE_OR_MISSING
202510011011,TRIFECTA,080301,-2.0,,NONPOSITIVE_OR_MISSING
202510011011,TRIFECTA,080401,-2.0,,NONPOSITIVE_OR_MISSING
202510011011,TRIFECTA,080501,-2.0,,NONPOSITIVE_OR_MISSING
202510011011,TRIFECTA,080601,-2.0,,NONPOSITIVE_OR_MISSING
202510011011,TRIFECTA,080701,-2.0,,NONPOSITIVE_OR_MISSING
202510011011,TRIFECTA,080901,-2.0,,NONPOSITIVE_OR_MISSING
202510011011,TRIFECTA,081001,-2.0,,NONPOSITIVE_OR_MISSING
202510011011,TRIFECTA,081101,-2.0,,NONPOSITIVE_OR_MISSING
202510011011,TRIFECTA,081201,-2.0,,NONPOSITIVE_OR_MISSING
202510011011,TRIFECTA,081301,-2.0,,NONPOSITIVE_OR_MISSING
202510011011,TRIFECTA,081401,-2.0,,NONPOSITIVE_OR_MISSING
202510011011,TRIFECTA,090102,-2.0,,NONPOSITIVE_OR_MISSING
202510011011,TRIFECTA,090103,-2.0,,NONPOSITIVE_OR_MISSING
202510011011,TRIFECTA,090104,-2.0,,NONPOSITIVE_OR_MISSING
202510011011,TRIFECTA,090105,-2.0,,NONPOSITIVE_OR_MISSING
202510011011,TRIFECTA,090106,-2.0,,NONPOSITIVE_OR_MISSING
202510011011,TRIFECTA,090107,-2.0,,NONPOSITIVE_OR_MISSING
202510011011,TRIFECTA,090108,-2.0,,NONPOSITIVE_OR_MISSING
202510011011,TRIFECTA,090110,-2.0,,NONPOSITIVE_OR_MISSING
202510011011,TRIFECTA,090111,-2.0,,NONPOSITIVE_OR_MISSING
202510011011,TRIFECTA,090112,-2.0,,NONPOSITIVE_OR_MISSING
202510011011,TRIFECTA,090113,-2.0,,NONPOSITIVE_OR_MISSING
202510011011,TRIFECTA,090114,-2.0,,NONPOSITIVE_OR_MISSING
202510011011,TRIFECTA,090201,-2.0,,NONPOSITIVE_OR_MISSING
202510011011,TRIFECTA,090301,-2.0,,NONPOSITIVE_OR_MISSING
202510011011,TRIFECTA,090401,-2.0,,NONPOSITIVE_OR_MISSING
202510011011,TRIFECTA,090501,-2.0,,NONPOSITIVE_OR_MISSING
202510011011,TRIFECTA,090601,-2.0,,NONPOSITIVE_OR_MISSING
202510011011,TRIFECTA,090701,-2.0,,NONPOSITIVE_OR_MISSING
202510011011,TRIFECTA,090801,-2.0,,NONPOSITIVE_OR_MISSING
202510011011,TRIFECTA,091001,-2.0,,NONPOSITIVE_OR_MISSING
202510011011,TRIFECTA,091101,-2.0,,NONPOSITIVE_OR_MISSING
202510011011,TRIFECTA,091201,-2.0,,NONPOSITIVE_OR_MISSING
202510011011,TRIFECTA,091301,-2.0,,NONPOSITIVE_OR_MISSING
202510011011,TRIFECTA,091401,-2.0,,NONPOSITIVE_OR_MISSING
202510011011,TRIFECTA,100102,-2.0,,NONPOSITIVE_OR_MISSING
202510011011,TRIFECTA,100103,-2.0,,NONPOSITIVE_OR_MISSING
202510011011,TRIFECTA,100104,-2.0,,NONPOSITIVE_OR_MISSING
202510011011,TRIFECTA,100105,-2.0,,NONPOSITIVE_OR_MISSING
202510011011,TRIFECTA,100106,-2.0,,NONPOSITIVE_OR_MISSING
202510011011,TRIFECTA,100107,-2.0,,NONPOSITIVE_OR_MISSING
202510011011,TRIFECTA,100108,-2.0,,NONPOSITIVE_OR_MISSING
202510011011,TRIFECTA,100109,-2.0,,NONPOSITIVE_OR_MISSING
202510011011,TRIFECTA,100111,-2.0,,NONPOSITIVE_OR_MISSING
202510011011,TRIFECTA,100112,-2.0,,NONPOSITIVE_OR_MISSING
202510011011,TRIFECTA,100113,-2.0,,NONPOSITIVE_OR_MISSING
202510011011,TRIFECTA,100114,-2.0,,NONPOSITIVE_OR_MISSING
202510011011,TRIFECTA,100201,-2.0,,NONPOSITIVE_OR_MISSING
202510011011,TRIFECTA,100301,-2.0,,NONPOSITIVE_OR_MISSING
202510011011,TRIFECTA,100401,-2.0,,NONPOSITIVE_OR_MISSING
202510011011,TRIFECTA,100501,-2.0,,NONPOSITIVE_OR_MISSING
202510011011,TRIFECTA,100601,-2.0,,NONPOSITIVE_OR_MISSING
202510011011,TRIFECTA,100701,-2.0,,NONPOSITIVE_OR_MISSING
202510011011,TRIFECTA,100801,-2.0,,NONPOSITIVE_OR_MISSING
202510011011,TRIFECTA,100901,-2.0,,NONPOSITIVE_OR_MISSING
202510011011,TRIFECTA,101101,-2.0,,NONPOSITIVE_OR_MISSING
202510011011,TRIFECTA,101201,-2.0,,NONPOSITIVE_OR_MISSING
202510011011,TRIFECTA,101301,-2.0,,NONPOSITIVE_OR_MISSING
202510011011,TRIFECTA,101401,-2.0,,NONPOSITIVE_OR_MISSING
202510011011,TRIFECTA,110102,-2.0,,NONPOSITIVE_OR_MISSING
202510011011,TRIFECTA,110103,-2.0,,NONPOSITIVE_OR_MISSING
202510011011,TRIFECTA,110104,-2.0,,NONPOSITIVE_OR_MISSING
202510011011,TRIFECTA,110105,-2.0,,NONPOSITIVE_OR_MISSING
202510011011,TRIFECTA,110106,-2.0,,NONPOSITIVE_OR_MISSING
202510011011,TRIFECTA,110107,-2.0,,NONPOSITIVE_OR_MISSING
202510011011,TRIFECTA,110108,-2.0,,NONPOSITIVE_OR_MISSING
202510011011,TRIFECTA,110109,-2.0,,NONPOSITIVE_OR_MISSING
202510011011,TRIFECTA,110110,-2.0,,NONPOSITIVE_OR_MISSING
202510011011,TRIFECTA,110112,-2.0,,NONPOSITIVE_OR_MISSING
202510011011,TRIFECTA,110113,-2.0,,NONPOSITIVE_OR_MISSING
202510011011,TRIFECTA,110114,-2.0,,NONPOSITIVE_OR_MISSING
202510011011,TRIFECTA,110201,-2.0,,NONPOSITIVE_OR_MISSING
202510011011,TRIFECTA,110301,-2.0,,NONPOSITIVE_OR_MISSING
202510011011,TRIFECTA,110401,-2.0,,NONPOSITIVE_OR_MISSING
202510011011,TRIFECTA,110501,-2.0,,NONPOSITIVE_OR_MISSING
202510011011,TRIFECTA,110601,-2.0,,NONPOSITIVE_OR_MISSING
202510011011,TRIFECTA,110701,-2.0,,NONPOSITIVE_OR_MISSING
202510011011,TRIFECTA,110801,-2.0,,NONPOSITIVE_OR_MISSING
202510011011,TRIFECTA,110901,-2.0,,NONPOSITIVE_OR_MISSING
202510011011,TRIFECTA,111001,-2.0,,NONPOSITIVE_OR_MISSING
202510011011,TRIFECTA,111201,-2.0,,NONPOSITIVE_OR_MISSING
202510011011,TRIFECTA,111301,-2.0,,NONPOSITIVE_OR_MISSING
202510011011,TRIFECTA,111401,-2.0,,NONPOSITIVE_OR_MISSING
202510011011,TRIFECTA,120102,-2.0,,NONPOSITIVE_OR_MISSING
202510011011,TRIFECTA,120103,-2.0,,NONPOSITIVE_OR_MISSING
202510011011,TRIFECTA,120104,-2.0,,NONPOSITIVE_OR_MISSING
202510011011,TRIFECTA,120105,-2.0,,NONPOSITIVE_OR_MISSING
202510011011,TRIFECTA,120106,-2.0,,NONPOSITIVE_OR_MISSING
202510011011,TRIFECTA,120107,-2.0,,NONPOSITIVE_OR_MISSING
202510011011,TRIFECTA,120108,-2.0,,NONPOSITIVE_OR_MISSING
202510011011,TRIFECTA,120109,-2.0,,NONPOSITIVE_OR_MISSING
202510011011,TRIFECTA,120110,-2.0,,NONPOSITIVE_OR_MISSING
202510011011,TRIFECTA,120111,-2.0,,NONPOSITIVE_OR_MISSING
202510011011,TRIFECTA,120113,-2.0,,NONPOSITIVE_OR_MISSING
202510011011,TRIFECTA,120114,-2.0,,NONPOSITIVE_OR_MISSING
202510011011,TRIFECTA,120201,-2.0,,NONPOSITIVE_OR_MISSING
202510011011,TRIFECTA,120301,-2.0,,NONPOSITIVE_OR_MISSING
202510011011,TRIFECTA,120401,-2.0,,NONPOSITIVE_OR_MISSING
202510011011,TRIFECTA,120501,-2.0,,NONPOSITIVE_OR_MISSING
202510011011,TRIFECTA,120601,-2.0,,NONPOSITIVE_OR_MISSING
202510011011,TRIFECTA,120701,-2.0,,NONPOSITIVE_OR_MISSING
202510011011,TRIFECTA,120801,-2.0,,NONPOSITIVE_OR_MISSING
202510011011,TRIFECTA,120901,-2.0,,NONPOSITIVE_OR_MISSING
202510011011,TRIFECTA,121001,-2.0,,NONPOSITIVE_OR_MISSING
202510011011,TRIFECTA,121101,-2.0,,NONPOSITIVE_OR_MISSING
202510011011,TRIFECTA,121301,-2.0,,NONPOSITIVE_OR_MISSING
202510011011,TRIFECTA,121401,-2.0,,NONPOSITIVE_OR_MISSING
202510011011,TRIFECTA,130102,-2.0,,NONPOSITIVE_OR_MISSING
202510011011,TRIFECTA,130103,-2.0,,NONPOSITIVE_OR_MISSING
202510011011,TRIFECTA,130104,-2.0,,NONPOSITIVE_OR_MISSING
202510011011,TRIFECTA,130105,-2.0,,NONPOSITIVE_OR_MISSING
202510011011,TRIFECTA,130106,-2.0,,NONPOSITIVE_OR_MISSING
202510011011,TRIFECTA,130107,-2.0,,NONPOSITIVE_OR_MISSING
202510011011,TRIFECTA,130108,-2.0,,NONPOSITIVE_OR_MISSING
202510011011,TRIFECTA,130109,-2.0,,NONPOSITIVE_OR_MISSING
202510011011,TRIFECTA,130110,-2.0,,NONPOSITIVE_OR_MISSING
202510011011,TRIFECTA,130111,-2.0,,NONPOSITIVE_OR_MISSING
202510011011,TRIFECTA,130112,-2.0,,NONPOSITIVE_OR_MISSING
202510011011,TRIFECTA,130114,-2.0,,NONPOSITIVE_OR_MISSING
202510011011,TRIFECTA,130201,-2.0,,NONPOSITIVE_OR_MISSING
202510011011,TRIFECTA,130301,-2.0,,NONPOSITIVE_OR_MISSING
202510011011,TRIFECTA,130401,-2.0,,NONPOSITIVE_OR_MISSING
202510011011,TRIFECTA,130501,-2.0,,NONPOSITIVE_OR_MISSING
202510011011,TRIFECTA,130601,-2.0,,NONPOSITIVE_OR_MISSING
202510011011,TRIFECTA,130701,-2.0,,NONPOSITIVE_OR_MISSING
202510011011,TRIFECTA,130801,-2.0,,NONPOSITIVE_OR_MISSING
202510011011,TRIFECTA,130901,-2.0,,NONPOSITIVE_OR_MISSING
202510011011,TRIFECTA,131001,-2.0,,NONPOSITIVE_OR_MISSING
202510011011,TRIFECTA,131101,-2.0,,NONPOSITIVE_OR_MISSING
202510011011,TRIFECTA,131201,-2.0,,NONPOSITIVE_OR_MISSING
202510011011,TRIFECTA,131401,-2.0,,NONPOSITIVE_OR_MISSING
202510011011,TRIFECTA,140102,-2.0,,NONPOSITIVE_OR_MISSING
202510011011,TRIFECTA,140103,-2.0,,NONPOSITIVE_OR_MISSING
202510011011,TRIFECTA,140104,-2.0,,NONPOSITIVE_OR_MISSING
202510011011,TRIFECTA,140105,-2.0,,NONPOSITIVE_OR_MISSING
202510011011,TRIFECTA,140106,-2.0,,NONPOSITIVE_OR_MISSING
202510011011,TRIFECTA,140107,-2.0,,NONPOSITIVE_OR_MISSING
202510011011,TRIFECTA,140108,-2.0,,NONPOSITIVE_OR_MISSING
202510011011,TRIFECTA,140109,-2.0,,NONPOSITIVE_OR_MISSING
202510011011,TRIFECTA,140110,-2.0,,NONPOSITIVE_OR_MISSING
202510011011,TRIFECTA,140111,-2.0,,NONPOSITIVE_OR_MISSING
202510011011,TRIFECTA,140112,-2.0,,NONPOSITIVE_OR_MISSING
202510011011,TRIFECTA,140113,-2.0,,NONPOSITIVE_OR_MISSING
202510011011,TRIFECTA,140201,-2.0,,NONPOSITIVE_OR_MISSING
202510011011,TRIFECTA,140301,-2.0,,NONPOSITIVE_OR_MISSING
202510011011,TRIFECTA,140401,-2.0,,NONPOSITIVE_OR_MISSING
202510011011,TRIFECTA,140501,-2.0,,NONPOSITIVE_OR_MISSING
202510011011,TRIFECTA,140601,-2.0,,NONPOSITIVE_OR_MISSING
202510011011,TRIFECTA,140701,-2.0,,NONPOSITIVE_OR_MISSING
202510011011,TRIFECTA,140801,-2.0,,NONPOSITIVE_OR_MISSING
202510011011,TRIFECTA,140901,-2.0,,NONPOSITIVE_OR_MISSING
202510011011,TRIFECTA,141001,-2.0,,NONPOSITIVE_OR_MISSING
202510011011,TRIFECTA,141101,-2.0,,NONPOSITIVE_OR_MISSING
202510011011,TRIFECTA,141201,-2.0,,NONPOSITIVE_OR_MISSING
202510011011,TRIFECTA,141301,-2.0,,NONPOSITIVE_OR_MISSING
