Race_ID,Bet_Type,Status,Odds_Payload_Bytes,Fetched_At_UTC,Error
202506010911,WIN,OK,1038,2026-09-07T10:11:32.406102+00:00,
202506010911,QUINELLA,OK,5063,2026-09-07T10:11:32.406565+00:00,
202506010911,WIDE,OK,5159,2026-09-07T10:11:32.408040+00:00,
202506010911,EXACTA,OK,10372,2026-09-07T10:11:32.409722+00:00,
202506010911,TRIO,OK,30040,2026-09-07T10:11:32.410499+00:00,
202506010911,TRIFECTA,OK,189826,2026-09-07T10:11:32.411468+00:00,
202508010611,WIN,OK,686,2026-09-07T10:11:32.412317+00:00,
202508010611,QUINELLA,OK,2120,2026-09-07T10:11:32.413168+00:00,
202508010611,WIDE,OK,2138,2026-09-07T10:11:32.413939+00:00,
202508010611,EXACTA,OK,4344,2026-09-07T10:11:32.414775+00:00,
202508010611,TRIO,OK,7811,2026-09-07T10:11:32.415633+00:00,
202508010611,TRIFECTA,OK,49391,2026-09-07T10:11:32.416700+00:00,
202507020211,WIN,OK,563,2026-09-07T10:11:32.684607+00:00,
202507020211,QUINELLA,OK,1405,2026-09-07T10:11:32.721572+00:00,
202507020211,WIDE,OK,1411,2026-09-07T10:11:32.867905+00:00,
202507020211,EXACTA,OK,2844,2026-09-07T10:11:32.926211+00:00,
202507020211,TRIO,OK,4067,2026-09-07T10:11:32.946689+00:00,
202507020211,TRIFECTA,OK,25918,2026-09-07T10:11:32.949420+00:00,
202509010811,WIN,OK,624,2026-09-07T10:11:32.958765+00:00,
202509010811,QUINELLA,OK,1748,2026-09-07T10:11:32.962902+00:00,
202509010811,WIDE,OK,1758,2026-09-07T10:11:32.965151+00:00,
202509010811,EXACTA,OK,3545,2026-09-07T10:11:32.967871+00:00,
202509010811,TRIO,OK,5761,2026-09-07T10:11:32.970053+00:00,
202509010811,TRIFECTA,OK,36299,2026-09-07T10:11:32.982443+00:00,
202506020211,WIN,OK,918,2026-09-07T10:11:32.993751+00:00,
202506020211,QUINELLA,OK,3912,2026-09-07T10:11:33.053590+00:00,
202506020211,WIDE,OK,3956,2026-09-07T10:11:33.097305+00:00,
202506020211,EXACTA,OK,8018,2026-09-07T10:11:33.245793+00:00,
202506020211,TRIO,OK,20348,2026-09-07T10:11:33.275512+00:00,
202506020211,TRIFECTA,OK,128719,2026-09-07T10:11:33.290153+00:00,
202506030111,WIN,OK,859,2026-09-07T10:11:33.309501+00:00,
202506030111,QUINELLA,OK,3390,2026-09-07T10:11:33.313860+00:00,
202506030111,WIDE,OK,3435,2026-09-07T10:11:33.316040+00:00,
202506030111,EXACTA,OK,6986,2026-09-07T10:11:33.318333+00:00,
202506030111,TRIO,OK,16439,2026-09-07T10:11:33.321281+00:00,
202506030111,TRIFECTA,OK,104107,2026-09-07T10:11:33.324139+00:00,
202501010811,WIN,OK,918,2026-09-07T10:11:33.325717+00:00,
202501010811,QUINELLA,OK,3906,2026-09-07T10:11:33.377626+00:00,
202501010811,WIDE,OK,3965,2026-09-07T10:11:33.429109+00:00,
202501010811,EXACTA,OK,7997,2026-09-07T10:11:33.433056+00:00,
202501010811,TRIO,OK,20325,2026-09-07T10:11:33.585978+00:00,
202501010811,TRIFECTA,OK,128456,2026-09-07T10:11:33.619274+00:00,
202505040211,WIN,OK,623,2026-09-07T10:11:33.631706+00:00,
202505040211,QUINELLA,OK,1737,2026-09-07T10:11:33.655192+00:00,
202505040211,WIDE,OK,1753,2026-09-07T10:11:33.657435+00:00,
202505040211,EXACTA,OK,3540,2026-09-07T10:11:33.663691+00:00,
202505040211,TRIO,OK,5744,2026-09-07T10:11:33.713299+00:00,
202505040211,TRIFECTA,OK,36259,2026-09-07T10:11:33.731064+00:00,
202508030211,WIN,OK,1037,2026-09-07T10:11:33.761448+00:00,
202508030211,QUINELLA,OK,5041,2026-09-07T10:11:33.793777+00:00,
202508030211,WIDE,OK,5115,2026-09-07T10:11:33.797372+00:00,
202508030211,EXACTA,OK,10281,2026-09-07T10:11:33.854610+00:00,
202508030211,TRIO,OK,29905,2026-09-07T10:11:33.863903+00:00,
202508030211,TRIFECTA,OK,188900,2026-09-07T10:11:33.872447+00:00,
202505040611,WIN,OK,801,2026-09-07T10:11:33.900427+00:00,
202505040611,QUINELLA,OK,2941,2026-09-07T10:11:33.919176+00:00,
202505040611,WIDE,OK,2969,2026-09-07T10:11:33.938632+00:00,
202505040611,EXACTA,OK,6043,2026-09-07T10:11:33.949414+00:00,
202505040611,TRIO,OK,13127,2026-09-07T10:11:34.029687+00:00,
202505040611,TRIFECTA,OK,82954,2026-09-07T10:11:34.046628+00:00,
202505010811,WIN,OK,918,2026-09-07T10:11:34.095152+00:00,
202505010811,QUINELLA,OK,3910,2026-09-07T10:11:34.107760+00:00,
202505010811,WIDE,OK,3968,2026-09-07T10:11:34.132853+00:00,
202505010811,EXACTA,OK,8021,2026-09-07T10:11:34.136306+00:00,
202505010811,TRIO,OK,20324,2026-09-07T10:11:34.142919+00:00,
202505010811,TRIFECTA,OK,128624,2026-09-07T10:11:34.146609+00:00,
202509020411,WIN,OK,856,2026-09-07T10:11:34.150509+00:00,
202509020411,QUINELLA,OK,3378,2026-09-07T10:11:34.161592+00:00,
202509020411,WIDE,OK,3438,2026-09-07T10:11:34.163559+00:00,
202509020411,EXACTA,OK,6923,2026-09-07T10:11:34.270869+00:00,
202509020411,TRIO,OK,16370,2026-09-07T10:11:34.281882+00:00,
202509020411,TRIFECTA,OK,103538,2026-09-07T10:11:34.299440+00:00,
202508020411,WIN,OK,863,2026-09-07T10:11:34.340746+00:00,
202508020411,QUINELLA,OK,3428,2026-09-07T10:11:34.353597+00:00,
202508020411,WIDE,OK,3492,2026-09-07T10:11:34.361404+00:00,
202508020411,EXACTA,OK,7034,2026-09-07T10:11:34.377645+00:00,
202508020411,TRIO,OK,16586,2026-09-07T10:11:34.381680+00:00,
202508020411,TRIFECTA,OK,104656,2026-09-07T10:11:34.457465+00:00,
202505030211,WIN,OK,1036,2026-09-07T10:11:34.502902+00:00,
202505030211,QUINELLA,OK,5044,2026-09-07T10:11:34.534574+00:00,
202505030211,WIDE,OK,5192,2026-09-07T10:11:34.545985+00:00,
202505030211,EXACTA,OK,10302,2026-09-07T10:11:34.558905+00:00,
202505030211,TRIO,OK,29956,2026-09-07T10:11:34.575614+00:00,
202505030211,TRIFECTA,OK,189262,2026-09-07T10:11:34.598278+00:00,
202509030411,WIN,OK,976,2026-09-07T10:11:34.607761+00:00,
202509030411,QUINELLA,OK,4433,2026-09-07T10:11:34.618996+00:00,
202509030411,WIDE,OK,4511,2026-09-07T10:11:34.651799+00:00,
202509030411,EXACTA,OK,9072,2026-09-07T10:11:34.656132+00:00,
202509030411,TRIO,OK,24726,2026-09-07T10:11:34.673603+00:00,
202509030411,TRIFECTA,OK,156359,2026-09-07T10:11:34.710192+00:00,
202506040911,WIN,OK,916,2026-09-07T10:11:34.719043+00:00,
202506040911,QUINELLA,OK,3890,2026-09-07T10:11:34.734432+00:00,
202506040911,WIDE,OK,3948,2026-09-07T10:11:34.750512+00:00,
202506040911,EXACTA,OK,7986,2026-09-07T10:11:34.800067+00:00,
202506040911,TRIO,OK,20276,2026-09-07T10:11:34.805165+00:00,
202506040911,TRIFECTA,OK,128295,2026-09-07T10:11:34.840472+00:00,
202505041111,WIN,OK,795,2026-09-07T10:11:34.850202+00:00,
202505041111,QUINELLA,OK,2886,2026-09-07T10:11:34.880247+00:00,
202505041111,WIDE,OK,2937,2026-09-07T10:11:34.902211+00:00,
202505041111,EXACTA,OK,5947,2026-09-07T10:11:34.913712+00:00,
202505041111,TRIO,OK,12915,2026-09-07T10:11:34.925746+00:00,
202505041111,TRIFECTA,OK,81975,2026-09-07T10:11:34.931468+00:00,
202507050211,WIN,OK,923,2026-09-07T10:11:35.002356+00:00,
202507050211,QUINELLA,OK,3902,2026-09-07T10:11:35.009357+00:00,
202507050211,WIDE,OK,3993,2026-09-07T10:11:35.012114+00:00,
202507050211,EXACTA,OK,8053,2026-09-07T10:11:35.018982+00:00,
202507050211,TRIO,OK,20355,2026-09-07T10:11:35.033992+00:00,
202507050211,TRIFECTA,OK,128800,2026-09-07T10:11:35.055151+00:00,
202506010111,WIN,OK,1034,2026-09-07T10:11:35.086933+00:00,
202506010111,QUINELLA,OK,4992,2026-09-07T10:11:35.096434+00:00,
202506010111,WIDE,OK,5089,2026-09-07T10:11:35.100488+00:00,
202506010111,EXACTA,OK,10227,2026-09-07T10:11:35.116920+00:00,
202506010111,TRIO,OK,29743,2026-09-07T10:11:35.194166+00:00,
202506010111,TRIFECTA,OK,188061,2026-09-07T10:11:35.215848+00:00,
202507010111,WIN,OK,917,2026-09-07T10:11:35.219269+00:00,
202507010111,QUINELLA,OK,3874,2026-09-07T10:11:35.221351+00:00,
202507010111,WIDE,OK,3937,2026-09-07T10:11:35.243926+00:00,
202507010111,EXACTA,OK,7948,2026-09-07T10:11:35.289029+00:00,
202507010111,TRIO,OK,20231,2026-09-07T10:11:35.291053+00:00,
202507010111,TRIFECTA,OK,127942,2026-09-07T10:11:35.298471+00:00,
202505010211,WIN,OK,916,2026-09-07T10:11:35.309395+00:00,
202505010211,QUINELLA,OK,3898,2026-09-07T10:11:35.345742+00:00,
202505010211,WIDE,OK,3961,2026-09-07T10:11:35.360262+00:00,
202505010211,EXACTA,OK,7995,2026-09-07T10:11:35.390481+00:00,
202505010211,TRIO,OK,20319,2026-09-07T10:11:35.410566+00:00,
202505010211,TRIFECTA,OK,128426,2026-09-07T10:11:35.412985+00:00,
202505010411,WIN,OK,919,2026-09-07T10:11:35.427121+00:00,
202505010411,QUINELLA,OK,3910,2026-09-07T10:11:35.466454+00:00,
202505010411,WIDE,OK,3951,2026-09-07T10:11:35.495124+00:00,
202505010411,EXACTA,OK,8009,2026-09-07T10:11:35.503060+00:00,
202505010411,TRIO,OK,20313,2026-09-07T10:11:35.515630+00:00,
202505010411,TRIFECTA,OK,128535,2026-09-07T10:11:35.532963+00:00,
202510011011,WIN,OK,795,2026-09-07T10:11:35.539557+00:00,
202510011011,QUINELLA,OK,2881,2026-09-07T10:11:35.568740+00:00,
202510011011,WIDE,OK,2927,2026-09-07T10:11:35.596349+00:00,
202510011011,EXACTA,OK,5865,2026-09-07T10:11:35.631135+00:00,
202510011011,TRIO,OK,12685,2026-09-07T10:11:35.638941+00:00,
202510011011,TRIFECTA,OK,79746,2026-09-07T10:11:35.648891+00:00,
202504010511,WIN,OK,909,2026-09-07T10:11:35.705775+00:00,
202504010511,QUINELLA,OK,3836,2026-09-07T10:11:35.708017+00:00,
202504010511,WIDE,OK,3907,2026-09-07T10:11:35.714403+00:00,
202504010511,EXACTA,OK,7876,2026-09-07T10:11:35.739573+00:00,
202504010511,TRIO,OK,20005,2026-09-07T10:11:35.742950+00:00,
202504010511,TRIFECTA,OK,127092,2026-09-07T10:11:35.771801+00:00,
202502010611,WIN,OK,791,2026-09-07T10:11:35.790421+00:00,
202502010611,QUINELLA,OK,2857,2026-09-07T10:11:35.833056+00:00,
202502010611,WIDE,OK,2918,2026-09-07T10:11:35.836015+00:00,
202502010611,EXACTA,OK,5862,2026-09-07T10:11:35.884572+00:00,
202502010611,TRIO,OK,12753,2026-09-07T10:11:35.898778+00:00,
202502010611,TRIFECTA,OK,81192,2026-09-07T10:11:35.903206+00:00,
202503020611,WIN,OK,856,2026-09-07T10:11:35.905611+00:00,
202503020611,QUINELLA,OK,3356,2026-09-07T10:11:35.929806+00:00,
202503020611,WIDE,OK,3406,2026-09-07T10:11:35.956057+00:00,
202503020611,EXACTA,OK,6906,2026-09-07T10:11:36.004385+00:00,
202503020611,TRIO,OK,16260,2026-09-07T10:11:36.014769+00:00,
202503020611,TRIFECTA,OK,103166,2026-09-07T10:11:36.017752+00:00,
202504020207,WIN,OK,1032,2026-09-07T10:11:36.024834+00:00,
202504020207,QUINELLA,OK,5003,2026-09-07T10:11:36.040062+00:00,
202504020207,WIDE,OK,5089,2026-09-07T10:11:36.063364+00:00,
202504020207,EXACTA,OK,10223,2026-09-07T10:11:36.070005+00:00,
202504020207,TRIO,OK,29710,2026-09-07T10:11:36.094827+00:00,
202504020207,TRIFECTA,OK,187857,2026-09-07T10:11:36.102409+00:00,
202501010511,WIN,OK,797,2026-09-07T10:11:36.140704+00:00,
202501010511,QUINELLA,OK,2892,2026-09-07T10:11:36.161013+00:00,
202501010511,WIDE,OK,2946,2026-09-07T10:11:36.168075+00:00,
202501010511,EXACTA,OK,5962,2026-09-07T10:11:36.200780+00:00,
202501010511,TRIO,OK,12960,2026-09-07T10:11:36.229086+00:00,
202501010511,TRIFECTA,OK,82045,2026-09-07T10:11:36.233477+00:00,
202507030207,WIN,OK,915,2026-09-07T10:11:36.240577+00:00,
202507030207,QUINELLA,OK,3872,2026-09-07T10:11:36.263488+00:00,
202507030207,WIDE,OK,3924,2026-09-07T10:11:36.269963+00:00,
202507030207,EXACTA,OK,7943,2026-09-07T10:11:36.316628+00:00,
202507030207,TRIO,OK,20213,2026-09-07T10:11:36.319830+00:00,
202507030207,TRIFECTA,OK,127843,2026-09-07T10:11:36.337257+00:00,
202505050311,WIN,OK,921,2026-09-07T10:11:36.343700+00:00,
202505050311,QUINELLA,OK,3908,2026-09-07T10:11:36.355294+00:00,
202505050311,WIDE,OK,3961,2026-09-07T10:11:36.378789+00:00,
202505050311,EXACTA,OK,8022,2026-09-07T10:11:36.419133+00:00,
202505050311,TRIO,OK,20357,2026-09-07T10:11:36.425867+00:00,
202505050311,TRIFECTA,OK,128555,2026-09-07T10:11:36.449676+00:00,
