Race_ID,Race_Name,Bet_Type,Winning_Combination,Payout_per_100yen,Source_URL
202506010911,第66回アメリカジョッキーC(GII),WIN,8,260,https://db.netkeiba.com/race/202506010911/
202506010911,第66回アメリカジョッキーC(GII),QUINELLA,8-11,2910,https://db.netkeiba.com/race/202506010911/
202506010911,第66回アメリカジョッキーC(GII),WIDE,8-11-8-13-11-13,900,https://db.netkeiba.com/race/202506010911/
202506010911,第66回アメリカジョッキーC(GII),EXACTA,8-11,3770,https://db.netkeiba.com/race/202506010911/
202506010911,第66回アメリカジョッキーC(GII),TRIO,8-11-13,5660,https://db.netkeiba.com/race/202506010911/
202506010911,第66回アメリカジョッキーC(GII),TRIFECTA,8-11-13,24660,https://db.netkeiba.com/race/202506010911/
202508010611,第118回京都記念(GII),WIN,1,950,https://db.netkeiba.com/race/202508010611/
202508010611,第118回京都記念(GII),QUINELLA,1-3,8740,https://db.netkeiba.com/race/202508010611/
202508010611,第118回京都記念(GII),WIDE,1-3-1-10-3-10,2040,https://db.netkeiba.com/race/202508010611/
202508010611,第118回京都記念(GII),EXACTA,1-3,18250,https://db.netkeiba.com/race/202508010611/
202508010611,第118回京都記念(GII),TRIO,1-3-10,30700,https://db.netkeiba.com/race/202508010611/
202508010611,第118回京都記念(GII),TRIFECTA,1-3-10,188230,https://db.netkeiba.com/race/202508010611/
202507020211,第61回東海テレビ杯金鯱賞(GII),WIN,6,820,https://db.netkeiba.com/race/202507020211/
202507020211,第61回東海テレビ杯金鯱賞(GII),QUINELLA,2-6,1180,https://db.netkeiba.com/race/202507020211/
202507020211,第61回東海テレビ杯金鯱賞(GII),WIDE,2-6-4-6-2-4,500,https://db.netkeiba.com/race/202507020211/
202507020211,第61回東海テレビ杯金鯱賞(GII),EXACTA,6-2,3040,https://db.netkeiba.com/race/202507020211/
202507020211,第61回東海テレビ杯金鯱賞(GII),TRIO,2-4-6,4470,https://db.netkeiba.com/race/202507020211/
202507020211,第61回東海テレビ杯金鯱賞(GII),TRIFECTA,6-2-4,28480,https://db.netkeiba.com/race/202507020211/
202509010811,第73回阪神大賞典(GII),WIN,9,570,https://db.netkeiba.com/race/202509010811/
202509010811,第73回阪神大賞典(GII),QUINELLA,7-9,5520,https://db.netkeiba.com/race/202509010811/
202509010811,第73回阪神大賞典(GII),WIDE,7-9-5-9-5-7,1540,https://db.netkeiba.com/race/202509010811/
202509010811,第73回阪神大賞典(GII),EXACTA,9-7,7860,https://db.netkeiba.com/race/202509010811/
202509010811,第73回阪神大賞典(GII),TRIO,5-7-9,17050,https://db.netkeiba.com/race/202509010811/
202509010811,第73回阪神大賞典(GII),TRIFECTA,9-7-5,87640,https://db.netkeiba.com/race/202509010811/
202506020211,第99回中山記念(GII),WIN,1,310,https://db.netkeiba.com/race/202506020211/
202506020211,第99回中山記念(GII),QUINELLA,1-4,1050,https://db.netkeiba.com/race/202506020211/
202506020211,第99回中山記念(GII),WIDE,1-4-1-8-4-8,480,https://db.netkeiba.com/race/202506020211/
202506020211,第99回中山記念(GII),EXACTA,1-4,1540,https://db.netkeiba.com/race/202506020211/
202506020211,第99回中山記念(GII),TRIO,1-4-8,1360,https://db.netkeiba.com/race/202506020211/
202506020211,第99回中山記念(GII),TRIFECTA,1-4-8,5800,https://db.netkeiba.com/race/202506020211/
202506030111,第73回日経賞(GII),WIN,8,740,https://db.netkeiba.com/race/202506030111/
202506030111,第73回日経賞(GII),QUINELLA,6-8,3350,https://db.netkeiba.com/race/202506030111/
202506030111,第73回日経賞(GII),WIDE,6-8-7-8-6-7,830,https://db.netkeiba.com/race/202506030111/
202506030111,第73回日経賞(GII),EXACTA,8-6,7490,https://db.netkeiba.com/race/202506030111/
202506030111,第73回日経賞(GII),TRIO,6-7-8,1620,https://db.netkeiba.com/race/202506030111/
202506030111,第73回日経賞(GII),TRIFECTA,8-6-7,20860,https://db.netkeiba.com/race/202506030111/
202501010811,第61回札幌記念(GII),WIN,9,2560,https://db.netkeiba.com/race/202501010811/
202501010811,第61回札幌記念(GII),QUINELLA,9-15,7140,https://db.netkeiba.com/race/202501010811/
202501010811,第61回札幌記念(GII),WIDE,9-15-9-14-14-15,1740,https://db.netkeiba.com/race/202501010811/
202501010811,第61回札幌記念(GII),EXACTA,9-15,20750,https://db.netkeiba.com/race/202501010811/
202501010811,第61回札幌記念(GII),TRIO,9-14-15,193350,https://db.netkeiba.com/race/202501010811/
202501010811,第61回札幌記念(GII),TRIFECTA,9-15-14,1307650,https://db.netkeiba.com/race/202501010811/
202505040211,第76回毎日王冠(GII),WIN,9,770,https://db.netkeiba.com/race/202505040211/
202505040211,第76回毎日王冠(GII),QUINELLA,8-9,1850,https://db.netkeiba.com/race/202505040211/
202505040211,第76回毎日王冠(GII),WIDE,8-9-9-10-8-10,560,https://db.netkeiba.com/race/202505040211/
202505040211,第76回毎日王冠(GII),EXACTA,9-8,4290,https://db.netkeiba.com/race/202505040211/
202505040211,第76回毎日王冠(GII),TRIO,8-9-10,1360,https://db.netkeiba.com/race/202505040211/
202505040211,第76回毎日王冠(GII),TRIFECTA,9-8-10,13250,https://db.netkeiba.com/race/202505040211/
202508030211,第60回京都大賞典(GII),WIN,3,1130,https://db.netkeiba.com/race/202508030211/
202508030211,第60回京都大賞典(GII),QUINELLA,3-5,3690,https://db.netkeiba.com/race/202508030211/
202508030211,第60回京都大賞典(GII),WIDE,3-5-3-8-5-8,1280,https://db.netkeiba.com/race/202508030211/
202508030211,第60回京都大賞典(GII),EXACTA,3-5,8770,https://db.netkeiba.com/race/202508030211/
202508030211,第60回京都大賞典(GII),TRIO,3-5-8,99940,https://db.netkeiba.com/race/202508030211/
202508030211,第60回京都大賞典(GII),TRIFECTA,3-5-8,470550,https://db.netkeiba.com/race/202508030211/
202505040611,第28回富士S(GII),WIN,11,710,https://db.netkeiba.com/race/202505040611/
202505040611,第28回富士S(GII),QUINELLA,11-14,620,https://db.netkeiba.com/race/202505040611/
202505040611,第28回富士S(GII),WIDE,11-14-6-11-6-14,270,https://db.netkeiba.com/race/202505040611/
202505040611,第28回富士S(GII),EXACTA,11-14,1800,https://db.netkeiba.com/race/202505040611/
202505040611,第28回富士S(GII),TRIO,6-11-14,1020,https://db.netkeiba.com/race/202505040611/
202505040611,第28回富士S(GII),TRIFECTA,11-14-6,7130,https://db.netkeiba.com/race/202505040611/
202505010811,第42回フェブラリーS(GI),WIN,9,430,https://db.netkeiba.com/race/202505010811/
202505010811,第42回フェブラリーS(GI),QUINELLA,9-12,1830,https://db.netkeiba.com/race/202505010811/
202505010811,第42回フェブラリーS(GI),WIDE,9-12-9-14-12-14,720,https://db.netkeiba.com/race/202505010811/
202505010811,第42回フェブラリーS(GI),EXACTA,9-12,2970,https://db.netkeiba.com/race/202505010811/
202505010811,第42回フェブラリーS(GI),TRIO,9-12-14,2140,https://db.netkeiba.com/race/202505010811/
202505010811,第42回フェブラリーS(GI),TRIFECTA,9-12-14,13510,https://db.netkeiba.com/race/202505010811/
202509020411,第69回大阪杯(GI),WIN,5,510,https://db.netkeiba.com/race/202509020411/
202509020411,第69回大阪杯(GI),QUINELLA,5-13,1720,https://db.netkeiba.com/race/202509020411/
202509020411,第69回大阪杯(GI),WIDE,5-13-5-7-7-13,730,https://db.netkeiba.com/race/202509020411/
202509020411,第69回大阪杯(GI),EXACTA,5-13,3300,https://db.netkeiba.com/race/202509020411/
202509020411,第69回大阪杯(GI),TRIO,5-7-13,6910,https://db.netkeiba.com/race/202509020411/
202509020411,第69回大阪杯(GI),TRIFECTA,5-13-7,30910,https://db.netkeiba.com/race/202509020411/
202508020411,第171回天皇賞(春)(GI),WIN,6,310,https://db.netkeiba.com/race/202508020411/
202508020411,第171回天皇賞(春)(GI),QUINELLA,6-14,1810,https://db.netkeiba.com/race/202508020411/
202508020411,第171回天皇賞(春)(GI),WIDE,6-14-6-8-8-14,680,https://db.netkeiba.com/race/202508020411/
202508020411,第171回天皇賞(春)(GI),EXACTA,6-14,2800,https://db.netkeiba.com/race/202508020411/
202508020411,第171回天皇賞(春)(GI),TRIO,6-8-14,5500,https://db.netkeiba.com/race/202508020411/
202508020411,第171回天皇賞(春)(GI),TRIFECTA,6-14-8,22360,https://db.netkeiba.com/race/202508020411/
202505030211,第75回安田記念(GI),WIN,10,430,https://db.netkeiba.com/race/202505030211/
202505030211,第75回安田記念(GI),QUINELLA,7-10,9560,https://db.netkeiba.com/race/202505030211/
202505030211,第75回安田記念(GI),WIDE,7-10-10-13-7-13,2200,https://db.netkeiba.com/race/202505030211/
202505030211,第75回安田記念(GI),EXACTA,10-7,13540,https://db.netkeiba.com/race/202505030211/
202505030211,第75回安田記念(GI),TRIO,7-10-13,10250,https://db.netkeiba.com/race/202505030211/
202505030211,第75回安田記念(GI),TRIFECTA,10-7-13,65970,https://db.netkeiba.com/race/202505030211/
202509030411,第66回宝塚記念(GI),WIN,12,1140,https://db.netkeiba.com/race/202509030411/
202509030411,第66回宝塚記念(GI),QUINELLA,1-12,2370,https://db.netkeiba.com/race/202509030411/
202509030411,第66回宝塚記念(GI),WIDE,1-12-7-12-1-7,960,https://db.netkeiba.com/race/202509030411/
202509030411,第66回宝塚記念(GI),EXACTA,12-1,5380,https://db.netkeiba.com/race/202509030411/
202509030411,第66回宝塚記念(GI),TRIO,1-7-12,23200,https://db.netkeiba.com/race/202509030411/
202509030411,第66回宝塚記念(GI),TRIFECTA,12-1-7,127550,https://db.netkeiba.com/race/202509030411/
202506040911,第59回スプリンターズS(GI),WIN,16,5000,https://db.netkeiba.com/race/202506040911/
202506040911,第59回スプリンターズS(GI),QUINELLA,13-16,60830,https://db.netkeiba.com/race/202506040911/
202506040911,第59回スプリンターズS(GI),WIDE,13-16-6-16-6-13,14410,https://db.netkeiba.com/race/202506040911/
202506040911,第59回スプリンターズS(GI),EXACTA,16-13,119920,https://db.netkeiba.com/race/202506040911/
202506040911,第59回スプリンターズS(GI),TRIO,6-13-16,116720,https://db.netkeiba.com/race/202506040911/
202506040911,第59回スプリンターズS(GI),TRIFECTA,16-13-6,1301150,https://db.netkeiba.com/race/202506040911/
202505041111,第172回天皇賞(秋)(GI),WIN,7,270,https://db.netkeiba.com/race/202505041111/
202505041111,第172回天皇賞(秋)(GI),QUINELLA,7-9,910,https://db.netkeiba.com/race/202505041111/
202505041111,第172回天皇賞(秋)(GI),WIDE,7-9-3-7-3-9,430,https://db.netkeiba.com/race/202505041111/
202505041111,第172回天皇賞(秋)(GI),EXACTA,7-9,1390,https://db.netkeiba.com/race/202505041111/
202505041111,第172回天皇賞(秋)(GI),TRIO,3-7-9,5020,https://db.netkeiba.com/race/202505041111/
202505041111,第172回天皇賞(秋)(GI),TRIFECTA,7-9-3,15860,https://db.netkeiba.com/race/202505041111/
202507050211,第26回チャンピオンズC(GI),WIN,2,730,https://db.netkeiba.com/race/202507050211/
202507050211,第26回チャンピオンズC(GI),QUINELLA,2-8,2300,https://db.netkeiba.com/race/202507050211/
202507050211,第26回チャンピオンズC(GI),WIDE,2-8-2-7-7-8,910,https://db.netkeiba.com/race/202507050211/
202507050211,第26回チャンピオンズC(GI),EXACTA,2-8,4160,https://db.netkeiba.com/race/202507050211/
202507050211,第26回チャンピオンズC(GI),TRIO,2-7-8,8700,https://db.netkeiba.com/race/202507050211/
202507050211,第26回チャンピオンズC(GI),TRIFECTA,2-8-7,36790,https://db.netkeiba.com/race/202507050211/
202506010111,第74回日刊スポ賞中山金杯(GIII),WIN,2,840,https://db.netkeiba.com/race/202506010111/
202506010111,第74回日刊スポ賞中山金杯(GIII),QUINELLA,2-7,3660,https://db.netkeiba.com/race/202506010111/
202506010111,第74回日刊スポ賞中山金杯(GIII),WIDE,2-7-2-16-7-16,1320,https://db.netkeiba.com/race/202506010111/
202506010111,第74回日刊スポ賞中山金杯(GIII),EXACTA,2-7,6990,https://db.netkeiba.com/race/202506010111/
202506010111,第74回日刊スポ賞中山金杯(GIII),TRIO,2-7-16,20630,https://db.netkeiba.com/race/202506010111/
202506010111,第74回日刊スポ賞中山金杯(GIII),TRIFECTA,2-7-16,93740,https://db.netkeiba.com/race/202506010111/
202507010111,第63回スポニチ賞京都金杯(GIII),WIN,7,1200,https://db.netkeiba.com/race/202507010111/
202507010111,第63回スポニチ賞京都金杯(GIII),QUINELLA,7-16,4870,https://db.netkeiba.com/race/202507010111/
202507010111,第63回スポニチ賞京都金杯(GIII),WIDE,7-16-1-7-1-16,1670,https://db.netkeiba.com/race/202507010111/
202507010111,第63回スポニチ賞京都金杯(GIII),EXACTA,7-16,12060,https://db.netkeiba.com/race/202507010111/
202507010111,第63回スポニチ賞京都金杯(GIII),TRIO,1-7-16,8980,https://db.netkeiba.com/race/202507010111/
202507010111,第63回スポニチ賞京都金杯(GIII),TRIFECTA,7-16-1,69740,https://db.netkeiba.com/race/202507010111/
202505010211,第39回根岸S(GIII),WIN,9,460,https://db.netkeiba.com/race/202505010211/
202505010211,第39回根岸S(GIII),QUINELLA,9-13,1470,https://db.netkeiba.com/race/202505010211/
202505010211,第39回根岸S(GIII),WIDE,9-13-9-11-11-13,600,https://db.netkeiba.com/race/202505010211/
202505010211,第39回根岸S(GIII),EXACTA,9-13,2550,https://db.netkeiba.com/race/202505010211/
202505010211,第39回根岸S(GIII),TRIO,9-11-13,8070,https://db.netkeiba.com/race/202505010211/
202505010211,第39回根岸S(GIII),TRIFECTA,9-13-11,31220,https://db.netkeiba.com/race/202505010211/
202505010411,第75回東京新聞杯(GIII),WIN,12,740,https://db.netkeiba.com/race/202505010411/
202505010411,第75回東京新聞杯(GIII),QUINELLA,4-12,1540,https://db.netkeiba.com/race/202505010411/
202505010411,第75回東京新聞杯(GIII),WIDE,4-12-2-12-2-4,620,https://db.netkeiba.com/race/202505010411/
202505010411,第75回東京新聞杯(GIII),EXACTA,12-4,3540,https://db.netkeiba.com/race/202505010411/
202505010411,第75回東京新聞杯(GIII),TRIO,2-4-12,174760,https://db.netkeiba.com/race/202505010411/
202505010411,第75回東京新聞杯(GIII),TRIFECTA,12-4-2,816870,https://db.netkeiba.com/race/202505010411/
202510011011,第59回小倉大賞典(GIII),WIN,2,660,https://db.netkeiba.com/race/202510011011/
202510011011,第59回小倉大賞典(GIII),QUINELLA,2-10,3990,https://db.netkeiba.com/race/202510011011/
202510011011,第59回小倉大賞典(GIII),WIDE,2-10-2-8-8-10,1220,https://db.netkeiba.com/race/202510011011/
202510011011,第59回小倉大賞典(GIII),EXACTA,2-10,7920,https://db.netkeiba.com/race/202510011011/
202510011011,第59回小倉大賞典(GIII),TRIO,2-8-10,31050,https://db.netkeiba.com/race/202510011011/
202510011011,第59回小倉大賞典(GIII),TRIFECTA,2-10-8,160400,https://db.netkeiba.com/race/202510011011/
202504010511,第47回新潟大賞典(GIII),WIN,8,1960,https://db.netkeiba.com/race/202504010511/
202504010511,第47回新潟大賞典(GIII),QUINELLA,8-14,5910,https://db.netkeiba.com/race/202504010511/
202504010511,第47回新潟大賞典(GIII),WIDE,8-14-5-8-5-14,2150,https://db.netkeiba.com/race/202504010511/
202504010511,第47回新潟大賞典(GIII),EXACTA,8-14,12230,https://db.netkeiba.com/race/202504010511/
202504010511,第47回新潟大賞典(GIII),TRIO,5-8-14,56220,https://db.netkeiba.com/race/202504010511/
202504010511,第47回新潟大賞典(GIII),TRIFECTA,8-14-5,399750,https://db.netkeiba.com/race/202504010511/
202502010611,第61回函館記念(GIII),WIN,8,1300,https://db.netkeiba.com/race/202502010611/
202502010611,第61回函館記念(GIII),QUINELLA,3-8,7720,https://db.netkeiba.com/race/202502010611/
202502010611,第61回函館記念(GIII),WIDE,3-8-8-12-3-12,2950,https://db.netkeiba.com/race/202502010611/
202502010611,第61回函館記念(GIII),EXACTA,8-3,14680,https://db.netkeiba.com/race/202502010611/
202502010611,第61回函館記念(GIII),TRIO,3-8-12,155010,https://db.netkeiba.com/race/202502010611/
202502010611,第61回函館記念(GIII),TRIFECTA,8-3-12,697990,https://db.netkeiba.com/race/202502010611/
202503020611,第61回七夕賞(GIII),WIN,2,420,https://db.netkeiba.com/race/202503020611/
202503020611,第61回七夕賞(GIII),QUINELLA,2-15,780,https://db.netkeiba.com/race/202503020611/
202503020611,第61回七夕賞(GIII),WIDE,2-15-2-7-7-15,420,https://db.netkeiba.com/race/202503020611/
202503020611,第61回七夕賞(GIII),EXACTA,2-15,1440,https://db.netkeiba.com/race/202503020611/
202503020611,第61回七夕賞(GIII),TRIO,2-7-15,15500,https://db.netkeiba.com/race/202503020611/
202503020611,第61回七夕賞(GIII),TRIFECTA,2-15-7,50320,https://db.netkeiba.com/race/202503020611/
202504020207,第60回関屋記念(GIII),WIN,14,440,https://db.netkeiba.com/race/202504020207/
202504020207,第60回関屋記念(GIII),QUINELLA,1-14-11-14,3620,https://db.netkeiba.com/race/202504020207/
202504020207,第60回関屋記念(GIII),WIDE,1-14-11-14-1-11,2000,https://db.netkeiba.com/race/202504020207/
202504020207,第60回関屋記念(GIII),EXACTA,14-1-14-11,5940,https://db.netkeiba.com/race/202504020207/
202504020207,第60回関屋記念(GIII),TRIO,1-11-14,12750,https://db.netkeiba.com/race/202504020207/
202504020207,第60回関屋記念(GIII),TRIFECTA,14-1-11-14-11-1,39780,https://db.netkeiba.com/race/202504020207/
202501010511,第30回エルムS(GIII),WIN,1,890,https://db.netkeiba.com/race/202501010511/
202501010511,第30回エルムS(GIII),QUINELLA,1-6,1060,https://db.netkeiba.com/race/202501010511/
202501010511,第30回エルムS(GIII),WIDE,1-6-1-2-2-6,480,https://db.netkeiba.com/race/202501010511/
202501010511,第30回エルムS(GIII),EXACTA,1-6,2940,https://db.netkeiba.com/race/202501010511/
202501010511,第30回エルムS(GIII),TRIO,1-2-6,10620,https://db.netkeiba.com/race/202501010511/
202501010511,第30回エルムS(GIII),TRIFECTA,1-6-2,60680,https://db.netkeiba.com/race/202501010511/
202507030207,第42回東海S(GIII),WIN,7,750,https://db.netkeiba.com/race/202507030207/
202507030207,第42回東海S(GIII),QUINELLA,7-8,2920,https://db.netkeiba.com/race/202507030207/
202507030207,第42回東海S(GIII),WIDE,7-8-2-7-2-8,1100,https://db.netkeiba.com/race/202507030207/
202507030207,第42回東海S(GIII),EXACTA,7-8,5610,https://db.netkeiba.com/race/202507030207/
202507030207,第42回東海S(GIII),TRIO,2-7-8,2970,https://db.netkeiba.com/race/202507030207/
202507030207,第42回東海S(GIII),TRIFECTA,7-8-2,19390,https://db.netkeiba.com/race/202507030207/
202505050311,第30回武蔵野S(GIII),WIN,16,450,https://db.netkeiba.com/race/202505050311/
202505050311,第30回武蔵野S(GIII),QUINELLA,4-16,830,https://db.netkeiba.com/race/202505050311/
202505050311,第30回武蔵野S(GIII),WIDE,4-16-1-16-1-4,370,https://db.netkeiba.com/race/202505050311/
202505050311,第30回武蔵野S(GIII),EXACTA,16-4,1620,https://db.netkeiba.com/race/202505050311/
202505050311,第30回武蔵野S(GIII),TRIO,1-4-16,3290,https://db.netkeiba.com/race/202505050311/
202505050311,第30回武蔵野S(GIII),TRIFECTA,16-4-1,13220,https://db.netkeiba.com/race/202505050311/
