Race_ID,Race_Name,Finish_Position,Horse_No,Horse_Name,Source_URL
202506010911,第66回アメリカジョッキーC(GII),1,8,ダノンデサイル,https://db.netkeiba.com/race/202506010911/
202506010911,第66回アメリカジョッキーC(GII),2,11,マテンロウレオ,https://db.netkeiba.com/race/202506010911/
202506010911,第66回アメリカジョッキーC(GII),3,13,コスモキュランダ,https://db.netkeiba.com/race/202506010911/
202506010911,第66回アメリカジョッキーC(GII),4,4,ボルドグフーシュ,https://db.netkeiba.com/race/202506010911/
202506010911,第66回アメリカジョッキーC(GII),5,1,ライラック,https://db.netkeiba.com/race/202506010911/
202506010911,第66回アメリカジョッキーC(GII),6,10,ビザンチンドリーム,https://db.netkeiba.com/race/202506010911/
202506010911,第66回アメリカジョッキーC(GII),7,18,ボーンディスウェイ,https://db.netkeiba.com/race/202506010911/
202506010911,第66回アメリカジョッキーC(GII),8,15,エヒト,https://db.netkeiba.com/race/202506010911/
202506010911,第66回アメリカジョッキーC(GII),9,7,マイネルクリソーラ,https://db.netkeiba.com/race/202506010911/
202506010911,第66回アメリカジョッキーC(GII),10,9,ディープモンスター,https://db.netkeiba.com/race/202506010911/
202506010911,第66回アメリカジョッキーC(GII),11,5,カラテ,https://db.netkeiba.com/race/202506010911/
202506010911,第66回アメリカジョッキーC(GII),12,2,レーベンスティール,https://db.netkeiba.com/race/202506010911/
202506010911,第66回アメリカジョッキーC(GII),13,16,チャックネイト,https://db.netkeiba.com/race/202506010911/
202506010911,第66回アメリカジョッキーC(GII),14,12,アラタ,https://db.netkeiba.com/race/202506010911/
202506010911,第66回アメリカジョッキーC(GII),15,3,ポタジェ,https://db.netkeiba.com/race/202506010911/
202506010911,第66回アメリカジョッキーC(GII),16,6,ニシノレヴナント,https://db.netkeiba.com/race/202506010911/
202506010911,第66回アメリカジョッキーC(GII),17,14,ホウオウリアリティ,https://db.netkeiba.com/race/202506010911/
202506010911,第66回アメリカジョッキーC(GII),18,17,アウスヴァール,https://db.netkeiba.com/race/202506010911/
202508010611,第118回京都記念(GII),1,1,ヨーホーレイク,https://db.netkeiba.com/race/202508010611/
202508010611,第118回京都記念(GII),2,3,リビアングラス,https://db.netkeiba.com/race/202508010611/
202508010611,第118回京都記念(GII),3,10,マコトヴェリーキー,https://db.netkeiba.com/race/202508010611/
202508010611,第118回京都記念(GII),4,2,バビット,https://db.netkeiba.com/race/202508010611/
202508010611,第118回京都記念(GII),5,4,ソールオリエンス,https://db.netkeiba.com/race/202508010611/
202508010611,第118回京都記念(GII),6,9,プラダリア,https://db.netkeiba.com/race/202508010611/
202508010611,第118回京都記念(GII),7,8,エヒト,https://db.netkeiba.com/race/202508010611/
202508010611,第118回京都記念(GII),8,11,セイウンハーデス,https://db.netkeiba.com/race/202508010611/
202508010611,第118回京都記念(GII),9,6,チェルヴィニア,https://db.netkeiba.com/race/202508010611/
202508010611,第118回京都記念(GII),10,12,ブレイヴロッカー,https://db.netkeiba.com/race/202508010611/
202508010611,第118回京都記念(GII),11,5,フォワードアゲン,https://db.netkeiba.com/race/202508010611/
202508010611,第118回京都記念(GII),12,7,メイショウユズルハ,https://db.netkeiba.com/race/202508010611/
202507020211,第61回東海テレビ杯金鯱賞(GII),1,6,クイーンズウォーク,https://db.netkeiba.com/race/202507020211/
202507020211,第61回東海テレビ杯金鯱賞(GII),2,2,ホウオウビスケッツ,https://db.netkeiba.com/race/202507020211/
202507020211,第61回東海テレビ杯金鯱賞(GII),3,4,キングズパレス,https://db.netkeiba.com/race/202507020211/
202507020211,第61回東海テレビ杯金鯱賞(GII),4,5,デシエルト,https://db.netkeiba.com/race/202507020211/
202507020211,第61回東海テレビ杯金鯱賞(GII),5,7,ディープモンスター,https://db.netkeiba.com/race/202507020211/
202507020211,第61回東海テレビ杯金鯱賞(GII),6,8,プログノーシス,https://db.netkeiba.com/race/202507020211/
202507020211,第61回東海テレビ杯金鯱賞(GII),7,10,マイネルモーント,https://db.netkeiba.com/race/202507020211/
202507020211,第61回東海テレビ杯金鯱賞(GII),8,3,ライラック,https://db.netkeiba.com/race/202507020211/
202507020211,第61回東海テレビ杯金鯱賞(GII),9,9,ラヴェル,https://db.netkeiba.com/race/202507020211/
202507020211,第61回東海テレビ杯金鯱賞(GII),10,1,アスクドゥポルテ,https://db.netkeiba.com/race/202507020211/
202509010811,第73回阪神大賞典(GII),1,9,サンライズアース,https://db.netkeiba.com/race/202509010811/
202509010811,第73回阪神大賞典(GII),2,7,マコトヴェリーキー,https://db.netkeiba.com/race/202509010811/
202509010811,第73回阪神大賞典(GII),3,5,ブローザホーン,https://db.netkeiba.com/race/202509010811/
202509010811,第73回阪神大賞典(GII),4,1,ショウナンラプンタ,https://db.netkeiba.com/race/202509010811/
202509010811,第73回阪神大賞典(GII),5,2,ヴェローチェエラ,https://db.netkeiba.com/race/202509010811/
202509010811,第73回阪神大賞典(GII),6,6,ゴールデンスナップ,https://db.netkeiba.com/race/202509010811/
202509010811,第73回阪神大賞典(GII),7,10,ワープスピード,https://db.netkeiba.com/race/202509010811/
202509010811,第73回阪神大賞典(GII),8,8,ウインエアフォルク,https://db.netkeiba.com/race/202509010811/
202509010811,第73回阪神大賞典(GII),9,3,リンフレスカンテ,https://db.netkeiba.com/race/202509010811/
202509010811,第73回阪神大賞典(GII),10,4,コパノサントス,https://db.netkeiba.com/race/202509010811/
202509010811,第73回阪神大賞典(GII),11,11,ウィープディライト,https://db.netkeiba.com/race/202509010811/
202506020211,第99回中山記念(GII),1,1,シックスペンス,https://db.netkeiba.com/race/202506020211/
202506020211,第99回中山記念(GII),2,4,エコロヴァルツ,https://db.netkeiba.com/race/202506020211/
202506020211,第99回中山記念(GII),3,8,ソウルラッシュ,https://db.netkeiba.com/race/202506020211/
202506020211,第99回中山記念(GII),4,5,タイムトゥヘヴン,https://db.netkeiba.com/race/202506020211/
202506020211,第99回中山記念(GII),5,16,クルゼイロドスル,https://db.netkeiba.com/race/202506020211/
202506020211,第99回中山記念(GII),6,7,メイショウチタン,https://db.netkeiba.com/race/202506020211/
202506020211,第99回中山記念(GII),7,11,グランディア,https://db.netkeiba.com/race/202506020211/
202506020211,第99回中山記念(GII),8,3,ボーンディスウェイ,https://db.netkeiba.com/race/202506020211/
202506020211,第99回中山記念(GII),9,9,マテンロウスカイ,https://db.netkeiba.com/race/202506020211/
202506020211,第99回中山記念(GII),10,6,カラテ,https://db.netkeiba.com/race/202506020211/
202506020211,第99回中山記念(GII),11,15,サイルーン,https://db.netkeiba.com/race/202506020211/
202506020211,第99回中山記念(GII),12,10,アルナシーム,https://db.netkeiba.com/race/202506020211/
202506020211,第99回中山記念(GII),13,12,ボッケリーニ,https://db.netkeiba.com/race/202506020211/
202506020211,第99回中山記念(GII),14,13,グラティアス,https://db.netkeiba.com/race/202506020211/
202506020211,第99回中山記念(GII),15,2,リフレーミング,https://db.netkeiba.com/race/202506020211/
202506020211,第99回中山記念(GII),16,14,パラレルヴィジョン,https://db.netkeiba.com/race/202506020211/
202506030111,第73回日経賞(GII),1,8,マイネルエンペラー,https://db.netkeiba.com/race/202506030111/
202506030111,第73回日経賞(GII),2,6,チャックネイト,https://db.netkeiba.com/race/202506030111/
202506030111,第73回日経賞(GII),3,7,アーバンシック,https://db.netkeiba.com/race/202506030111/
202506030111,第73回日経賞(GII),4,15,リビアングラス,https://db.netkeiba.com/race/202506030111/
202506030111,第73回日経賞(GII),5,11,マイネルクリソーラ,https://db.netkeiba.com/race/202506030111/
202506030111,第73回日経賞(GII),6,5,ヴェルミセル,https://db.netkeiba.com/race/202506030111/
202506030111,第73回日経賞(GII),7,3,マイネルウィルトス,https://db.netkeiba.com/race/202506030111/
202506030111,第73回日経賞(GII),8,2,マテンロウレオ,https://db.netkeiba.com/race/202506030111/
202506030111,第73回日経賞(GII),9,1,アラタ,https://db.netkeiba.com/race/202506030111/
202506030111,第73回日経賞(GII),10,9,ハヤヤッコ,https://db.netkeiba.com/race/202506030111/
202506030111,第73回日経賞(GII),11,14,バビット,https://db.netkeiba.com/race/202506030111/
202506030111,第73回日経賞(GII),12,13,シュヴァリエローズ,https://db.netkeiba.com/race/202506030111/
202506030111,第73回日経賞(GII),13,12,ホウオウノーサイド,https://db.netkeiba.com/race/202506030111/
202506030111,第73回日経賞(GII),14,10,ブレイヴロッカー,https://db.netkeiba.com/race/202506030111/
202506030111,第73回日経賞(GII),15,4,マキシ,https://db.netkeiba.com/race/202506030111/
202501010811,第61回札幌記念(GII),1,9,トップナイフ,https://db.netkeiba.com/race/202501010811/
202501010811,第61回札幌記念(GII),2,15,ココナッツブラウン,https://db.netkeiba.com/race/202501010811/
202501010811,第61回札幌記念(GII),3,14,アラタ,https://db.netkeiba.com/race/202501010811/
202501010811,第61回札幌記念(GII),4,6,ケイアイセナ,https://db.netkeiba.com/race/202501010811/
202501010811,第61回札幌記念(GII),5,10,ヴェローチェエラ,https://db.netkeiba.com/race/202501010811/
202501010811,第61回札幌記念(GII),6,1,リビアングラス,https://db.netkeiba.com/race/202501010811/
202501010811,第61回札幌記念(GII),7,3,シュトルーヴェ,https://db.netkeiba.com/race/202501010811/
202501010811,第61回札幌記念(GII),7,5,ホウオウビスケッツ,https://db.netkeiba.com/race/202501010811/
202501010811,第61回札幌記念(GII),9,2,ボーンディスウェイ,https://db.netkeiba.com/race/202501010811/
202501010811,第61回札幌記念(GII),10,4,コスモキュランダ,https://db.netkeiba.com/race/202501010811/
202501010811,第61回札幌記念(GII),11,12,アルナシーム,https://db.netkeiba.com/race/202501010811/
202501010811,第61回札幌記念(GII),12,7,ハヤテノフクノスケ,https://db.netkeiba.com/race/202501010811/
202501010811,第61回札幌記念(GII),13,13,アウスヴァール,https://db.netkeiba.com/race/202501010811/
202501010811,第61回札幌記念(GII),14,16,シュヴァリエローズ,https://db.netkeiba.com/race/202501010811/
202501010811,第61回札幌記念(GII),15,8,ステレンボッシュ,https://db.netkeiba.com/race/202501010811/
202501010811,第61回札幌記念(GII),16,11,ショウナンアデイブ,https://db.netkeiba.com/race/202501010811/
202505040211,第76回毎日王冠(GII),1,9,レーベンスティール,https://db.netkeiba.com/race/202505040211/
202505040211,第76回毎日王冠(GII),2,8,ホウオウビスケッツ,https://db.netkeiba.com/race/202505040211/
202505040211,第76回毎日王冠(GII),3,10,サトノシャイニング,https://db.netkeiba.com/race/202505040211/
202505040211,第76回毎日王冠(GII),4,3,ディマイザキッド,https://db.netkeiba.com/race/202505040211/
202505040211,第76回毎日王冠(GII),5,2,エルトンバローズ,https://db.netkeiba.com/race/202505040211/
202505040211,第76回毎日王冠(GII),6,5,ジェイパームス,https://db.netkeiba.com/race/202505040211/
202505040211,第76回毎日王冠(GII),7,6,チェルヴィニア,https://db.netkeiba.com/race/202505040211/
202505040211,第76回毎日王冠(GII),8,1,ロングラン,https://db.netkeiba.com/race/202505040211/
202505040211,第76回毎日王冠(GII),9,7,シルトホルン,https://db.netkeiba.com/race/202505040211/
202505040211,第76回毎日王冠(GII),10,4,ラファドゥラ,https://db.netkeiba.com/race/202505040211/
202505040211,第76回毎日王冠(GII),11,11,シリウスコルト,https://db.netkeiba.com/race/202505040211/
202508030211,第60回京都大賞典(GII),1,3,ディープモンスター,https://db.netkeiba.com/race/202508030211/
202508030211,第60回京都大賞典(GII),2,5,サンライズアース,https://db.netkeiba.com/race/202508030211/
202508030211,第60回京都大賞典(GII),3,8,ヴェルミセル,https://db.netkeiba.com/race/202508030211/
202508030211,第60回京都大賞典(GII),4,4,アドマイヤテラ,https://db.netkeiba.com/race/202508030211/
202508030211,第60回京都大賞典(GII),5,18,ショウナンラプンタ,https://db.netkeiba.com/race/202508030211/
202508030211,第60回京都大賞典(GII),6,17,アルナシーム,https://db.netkeiba.com/race/202508030211/
202508030211,第60回京都大賞典(GII),7,11,ヴェルテンベルク,https://db.netkeiba.com/race/202508030211/
202508030211,第60回京都大賞典(GII),8,7,ドゥレッツァ,https://db.netkeiba.com/race/202508030211/
202508030211,第60回京都大賞典(GII),9,1,サンライズソレイユ,https://db.netkeiba.com/race/202508030211/
202508030211,第60回京都大賞典(GII),10,16,ボルドグフーシュ,https://db.netkeiba.com/race/202508030211/
202508030211,第60回京都大賞典(GII),11,2,カネフラ,https://db.netkeiba.com/race/202508030211/
202508030211,第60回京都大賞典(GII),12,15,ジューンテイク,https://db.netkeiba.com/race/202508030211/
202508030211,第60回京都大賞典(GII),13,10,ブレイヴロッカー,https://db.netkeiba.com/race/202508030211/
202508030211,第60回京都大賞典(GII),14,13,メイショウブレゲ,https://db.netkeiba.com/race/202508030211/
202508030211,第60回京都大賞典(GII),15,6,プラダリア,https://db.netkeiba.com/race/202508030211/
202508030211,第60回京都大賞典(GII),16,14,サブマリーナ,https://db.netkeiba.com/race/202508030211/
202508030211,第60回京都大賞典(GII),17,9,ミクソロジー,https://db.netkeiba.com/race/202508030211/
202508030211,第60回京都大賞典(GII),18,12,ワープスピード,https://db.netkeiba.com/race/202508030211/
202505040611,第28回富士S(GII),1,11,ガイアフォース,https://db.netkeiba.com/race/202505040611/
202505040611,第28回富士S(GII),2,14,ジャンタルマンタル,https://db.netkeiba.com/race/202505040611/
202505040611,第28回富士S(GII),3,6,ソウルラッシュ,https://db.netkeiba.com/race/202505040611/
202505040611,第28回富士S(GII),4,8,ジュンブロッサム,https://db.netkeiba.com/race/202505040611/
202505040611,第28回富士S(GII),5,4,ウンブライル,https://db.netkeiba.com/race/202505040611/
202505040611,第28回富士S(GII),6,9,キープカルム,https://db.netkeiba.com/race/202505040611/
202505040611,第28回富士S(GII),7,13,ファーヴェント,https://db.netkeiba.com/race/202505040611/
202505040611,第28回富士S(GII),8,12,シャンパンカラー,https://db.netkeiba.com/race/202505040611/
202505040611,第28回富士S(GII),9,2,ウォーターリヒト,https://db.netkeiba.com/race/202505040611/
202505040611,第28回富士S(GII),10,1,マジックサンズ,https://db.netkeiba.com/race/202505040611/
202505040611,第28回富士S(GII),11,7,ニシノスーベニア,https://db.netkeiba.com/race/202505040611/
202505040611,第28回富士S(GII),12,5,レイベリング,https://db.netkeiba.com/race/202505040611/
202505040611,第28回富士S(GII),13,10,グリューネグリーン,https://db.netkeiba.com/race/202505040611/
202505040611,第28回富士S(GII),14,3,シャイニーロック,https://db.netkeiba.com/race/202505040611/
202505010811,第42回フェブラリーS(GI),1,9,コスタノヴァ,https://db.netkeiba.com/race/202505010811/
202505010811,第42回フェブラリーS(GI),2,12,サンライズジパング,https://db.netkeiba.com/race/202505010811/
202505010811,第42回フェブラリーS(GI),3,14,ミッキーファイト,https://db.netkeiba.com/race/202505010811/
202505010811,第42回フェブラリーS(GI),4,11,ペプチドナイル,https://db.netkeiba.com/race/202505010811/
202505010811,第42回フェブラリーS(GI),5,1,エンペラーワケア,https://db.netkeiba.com/race/202505010811/
202505010811,第42回フェブラリーS(GI),6,6,メイショウハリオ,https://db.netkeiba.com/race/202505010811/
202505010811,第42回フェブラリーS(GI),7,15,ガイアフォース,https://db.netkeiba.com/race/202505010811/
202505010811,第42回フェブラリーS(GI),8,2,タガノビューティー,https://db.netkeiba.com/race/202505010811/
202505010811,第42回フェブラリーS(GI),9,5,アーテルアストレア,https://db.netkeiba.com/race/202505010811/
202505010811,第42回フェブラリーS(GI),10,7,サンデーファンデー,https://db.netkeiba.com/race/202505010811/
202505010811,第42回フェブラリーS(GI),11,8,ドゥラエレーデ,https://db.netkeiba.com/race/202505010811/
202505010811,第42回フェブラリーS(GI),11,16,ヘリオス,https://db.netkeiba.com/race/202505010811/
202505010811,第42回フェブラリーS(GI),13,4,ウィリアムバローズ,https://db.netkeiba.com/race/202505010811/
202505010811,第42回フェブラリーS(GI),14,13,デルマソトガケ,https://db.netkeiba.com/race/202505010811/
202505010811,第42回フェブラリーS(GI),15,3,ミトノオー,https://db.netkeiba.com/race/202505010811/
202505010811,第42回フェブラリーS(GI),16,10,アンモシエラ,https://db.netkeiba.com/race/202505010811/
202509020411,第69回大阪杯(GI),1,5,ベラジオオペラ,https://db.netkeiba.com/race/202509020411/
202509020411,第69回大阪杯(GI),2,13,ロードデルレイ,https://db.netkeiba.com/race/202509020411/
202509020411,第69回大阪杯(GI),3,7,ヨーホーレイク,https://db.netkeiba.com/race/202509020411/
202509020411,第69回大阪杯(GI),4,14,エコロヴァルツ,https://db.netkeiba.com/race/202509020411/
202509020411,第69回大阪杯(GI),5,2,ホウオウビスケッツ,https://db.netkeiba.com/race/202509020411/
202509020411,第69回大阪杯(GI),6,6,ジャスティンパレス,https://db.netkeiba.com/race/202509020411/
202509020411,第69回大阪杯(GI),7,10,シックスペンス,https://db.netkeiba.com/race/202509020411/
202509020411,第69回大阪杯(GI),8,1,ボルドグフーシュ,https://db.netkeiba.com/race/202509020411/
202509020411,第69回大阪杯(GI),8,9,コスモキュランダ,https://db.netkeiba.com/race/202509020411/
202509020411,第69回大阪杯(GI),10,4,ソールオリエンス,https://db.netkeiba.com/race/202509020411/
202509020411,第69回大阪杯(GI),11,3,ラヴェル,https://db.netkeiba.com/race/202509020411/
202509020411,第69回大阪杯(GI),12,8,カラテ,https://db.netkeiba.com/race/202509020411/
202509020411,第69回大阪杯(GI),13,12,ステレンボッシュ,https://db.netkeiba.com/race/202509020411/
202509020411,第69回大阪杯(GI),14,11,デシエルト,https://db.netkeiba.com/race/202509020411/
202509020411,第69回大阪杯(GI),15,15,アルナシーム,https://db.netkeiba.com/race/202509020411/
202508020411,第171回天皇賞(春)(GI),1,6,ヘデントール,https://db.netkeiba.com/race/202508020411/
202508020411,第171回天皇賞(春)(GI),2,14,ビザンチンドリーム,https://db.netkeiba.com/race/202508020411/
202508020411,第171回天皇賞(春)(GI),3,8,ショウナンラプンタ,https://db.netkeiba.com/race/202508020411/
202508020411,第171回天皇賞(春)(GI),4,5,サンライズアース,https://db.netkeiba.com/race/202508020411/
202508020411,第171回天皇賞(春)(GI),5,11,マイネルエンペラー,https://db.netkeiba.com/race/202508020411/
202508020411,第171回天皇賞(春)(GI),6,13,ジャスティンパレス,https://db.netkeiba.com/race/202508020411/
202508020411,第171回天皇賞(春)(GI),7,9,シュヴァリエローズ,https://db.netkeiba.com/race/202508020411/
202508020411,第171回天皇賞(春)(GI),8,3,ブローザホーン,https://db.netkeiba.com/race/202508020411/
202508020411,第171回天皇賞(春)(GI),9,12,ワープスピード,https://db.netkeiba.com/race/202508020411/
202508020411,第171回天皇賞(春)(GI),10,7,プラダリア,https://db.netkeiba.com/race/202508020411/
202508020411,第171回天皇賞(春)(GI),11,15,ハヤテノフクノスケ,https://db.netkeiba.com/race/202508020411/
202508020411,第171回天皇賞(春)(GI),12,2,ウインエアフォルク,https://db.netkeiba.com/race/202508020411/
202508020411,第171回天皇賞(春)(GI),13,10,リミットバスター,https://db.netkeiba.com/race/202508020411/
202508020411,第171回天皇賞(春)(GI),14,4,ジャンカズマ,https://db.netkeiba.com/race/202508020411/
202508020411,第171回天皇賞(春)(GI),15,1,アラタ,https://db.netkeiba.com/race/202508020411/
202505030211,第75回安田記念(GI),1,10,ジャンタルマンタル,https://db.netkeiba.com/race/202505030211/
202505030211,第75回安田記念(GI),2,7,ガイアフォース,https://db.netkeiba.com/race/202505030211/
202505030211,第75回安田記念(GI),3,13,ソウルラッシュ,https://db.netkeiba.com/race/202505030211/
202505030211,第75回安田記念(GI),4,18,ブレイディヴェーグ,https://db.netkeiba.com/race/202505030211/
202505030211,第75回安田記念(GI),5,4,ウインマーベル,https://db.netkeiba.com/race/202505030211/
202505030211,第75回安田記念(GI),6,9,シャンパンカラー,https://db.netkeiba.com/race/202505030211/
202505030211,第75回安田記念(GI),7,8,エコロヴァルツ,https://db.netkeiba.com/race/202505030211/
202505030211,第75回安田記念(GI),8,11,サクラトゥジュール,https://db.netkeiba.com/race/202505030211/
202505030211,第75回安田記念(GI),9,14,ウォーターリヒト,https://db.netkeiba.com/race/202505030211/
202505030211,第75回安田記念(GI),10,3,マッドクール,https://db.netkeiba.com/race/202505030211/
202505030211,第75回安田記念(GI),11,17,ジュンブロッサム,https://db.netkeiba.com/race/202505030211/
202505030211,第75回安田記念(GI),12,1,シックスペンス,https://db.netkeiba.com/race/202505030211/
202505030211,第75回安田記念(GI),13,12,ロングラン,https://db.netkeiba.com/race/202505030211/
202505030211,第75回安田記念(GI),14,2,ダディーズビビッド,https://db.netkeiba.com/race/202505030211/
202505030211,第75回安田記念(GI),15,5,レッドモンレーヴ,https://db.netkeiba.com/race/202505030211/
202505030211,第75回安田記念(GI),16,6,グラティアス,https://db.netkeiba.com/race/202505030211/
202505030211,第75回安田記念(GI),17,16,トロヴァトーレ,https://db.netkeiba.com/race/202505030211/
202505030211,第75回安田記念(GI),18,15,ホウオウリアリティ,https://db.netkeiba.com/race/202505030211/
202509030411,第66回宝塚記念(GI),1,12,メイショウタバル,https://db.netkeiba.com/race/202509030411/
202509030411,第66回宝塚記念(GI),2,1,ベラジオオペラ,https://db.netkeiba.com/race/202509030411/
202509030411,第66回宝塚記念(GI),3,7,ジャスティンパレス,https://db.netkeiba.com/race/202509030411/
202509030411,第66回宝塚記念(GI),4,16,ショウナンラプンタ,https://db.netkeiba.com/race/202509030411/
202509030411,第66回宝塚記念(GI),5,5,チャックネイト,https://db.netkeiba.com/race/202509030411/
202509030411,第66回宝塚記念(GI),6,11,ソールオリエンス,https://db.netkeiba.com/race/202509030411/
202509030411,第66回宝塚記念(GI),7,10,リビアングラス,https://db.netkeiba.com/race/202509030411/
202509030411,第66回宝塚記念(GI),8,15,ロードデルレイ,https://db.netkeiba.com/race/202509030411/
202509030411,第66回宝塚記念(GI),9,2,ドゥレッツァ,https://db.netkeiba.com/race/202509030411/
202509030411,第66回宝塚記念(GI),10,6,ボルドグフーシュ,https://db.netkeiba.com/race/202509030411/
202509030411,第66回宝塚記念(GI),11,17,レガレイラ,https://db.netkeiba.com/race/202509030411/
202509030411,第66回宝塚記念(GI),12,8,シュヴァリエローズ,https://db.netkeiba.com/race/202509030411/
202509030411,第66回宝塚記念(GI),13,4,プラダリア,https://db.netkeiba.com/race/202509030411/
202509030411,第66回宝塚記念(GI),14,13,アーバンシック,https://db.netkeiba.com/race/202509030411/
202509030411,第66回宝塚記念(GI),15,3,ローシャムパーク,https://db.netkeiba.com/race/202509030411/
202509030411,第66回宝塚記念(GI),16,14,ジューンテイク,https://db.netkeiba.com/race/202509030411/
202509030411,第66回宝塚記念(GI),17,9,ヨーホーレイク,https://db.netkeiba.com/race/202509030411/
202506040911,第59回スプリンターズS(GI),1,16,ウインカーネリアン,https://db.netkeiba.com/race/202506040911/
202506040911,第59回スプリンターズS(GI),2,13,ジューンブレア,https://db.netkeiba.com/race/202506040911/
202506040911,第59回スプリンターズS(GI),3,6,ナムラクレア,https://db.netkeiba.com/race/202506040911/
202506040911,第59回スプリンターズS(GI),4,7,サトノレーヴ,https://db.netkeiba.com/race/202506040911/
202506040911,第59回スプリンターズS(GI),5,2,ヨシノイースター,https://db.netkeiba.com/race/202506040911/
202506040911,第59回スプリンターズS(GI),6,3,ダノンマッキンリー,https://db.netkeiba.com/race/202506040911/
202506040911,第59回スプリンターズS(GI),6,4,ママコチャ,https://db.netkeiba.com/race/202506040911/
202506040911,第59回スプリンターズS(GI),8,1,ピューロマジック,https://db.netkeiba.com/race/202506040911/
202506040911,第59回スプリンターズS(GI),9,5,カンチェンジュンガ,https://db.netkeiba.com/race/202506040911/
202506040911,第59回スプリンターズS(GI),10,11,トウシンマカオ,https://db.netkeiba.com/race/202506040911/
202506040911,第59回スプリンターズS(GI),11,10,ラッキースワイネス,https://db.netkeiba.com/race/202506040911/
202506040911,第59回スプリンターズS(GI),12,15,ルガル,https://db.netkeiba.com/race/202506040911/
202506040911,第59回スプリンターズS(GI),13,8,ペアポルックス,https://db.netkeiba.com/race/202506040911/
202506040911,第59回スプリンターズS(GI),14,9,ドロップオブライト,https://db.netkeiba.com/race/202506040911/
202506040911,第59回スプリンターズS(GI),15,12,ヤマニンアルリフラ,https://db.netkeiba.com/race/202506040911/
202506040911,第59回スプリンターズS(GI),16,14,カピリナ,https://db.netkeiba.com/race/202506040911/
202505041111,第172回天皇賞(秋)(GI),1,7,マスカレードボール,https://db.netkeiba.com/race/202505041111/
202505041111,第172回天皇賞(秋)(GI),2,9,ミュージアムマイル,https://db.netkeiba.com/race/202505041111/
202505041111,第172回天皇賞(秋)(GI),3,3,ジャスティンパレス,https://db.netkeiba.com/race/202505041111/
202505041111,第172回天皇賞(秋)(GI),4,11,シランケド,https://db.netkeiba.com/race/202505041111/
202505041111,第172回天皇賞(秋)(GI),5,2,アーバンシック,https://db.netkeiba.com/race/202505041111/
202505041111,第172回天皇賞(秋)(GI),6,13,メイショウタバル,https://db.netkeiba.com/race/202505041111/
202505041111,第172回天皇賞(秋)(GI),7,12,セイウンハーデス,https://db.netkeiba.com/race/202505041111/
202505041111,第172回天皇賞(秋)(GI),8,5,タスティエーラ,https://db.netkeiba.com/race/202505041111/
202505041111,第172回天皇賞(秋)(GI),9,14,クイーンズウォーク,https://db.netkeiba.com/race/202505041111/
202505041111,第172回天皇賞(秋)(GI),10,6,ブレイディヴェーグ,https://db.netkeiba.com/race/202505041111/
202505041111,第172回天皇賞(秋)(GI),11,10,エコロヴァルツ,https://db.netkeiba.com/race/202505041111/
202505041111,第172回天皇賞(秋)(GI),12,1,コスモキュランダ,https://db.netkeiba.com/race/202505041111/
202505041111,第172回天皇賞(秋)(GI),13,8,ホウオウビスケッツ,https://db.netkeiba.com/race/202505041111/
202505041111,第172回天皇賞(秋)(GI),14,4,ソールオリエンス,https://db.netkeiba.com/race/202505041111/
202507050211,第26回チャンピオンズC(GI),1,2,ダブルハートボンド,https://db.netkeiba.com/race/202507050211/
202507050211,第26回チャンピオンズC(GI),2,8,ウィルソンテソーロ,https://db.netkeiba.com/race/202507050211/
202507050211,第26回チャンピオンズC(GI),3,7,ラムジェット,https://db.netkeiba.com/race/202507050211/
202507050211,第26回チャンピオンズC(GI),4,3,メイショウハリオ,https://db.netkeiba.com/race/202507050211/
202507050211,第26回チャンピオンズC(GI),5,9,アウトレンジ,https://db.netkeiba.com/race/202507050211/
202507050211,第26回チャンピオンズC(GI),6,6,ハギノアレグリアス,https://db.netkeiba.com/race/202507050211/
202507050211,第26回チャンピオンズC(GI),7,10,テンカジョウ,https://db.netkeiba.com/race/202507050211/
202507050211,第26回チャンピオンズC(GI),8,13,サンライズジパング,https://db.netkeiba.com/race/202507050211/
202507050211,第26回チャンピオンズC(GI),9,4,セラフィックコール,https://db.netkeiba.com/race/202507050211/
202507050211,第26回チャンピオンズC(GI),10,15,ペリエール,https://db.netkeiba.com/race/202507050211/
202507050211,第26回チャンピオンズC(GI),11,11,シックスペンス,https://db.netkeiba.com/race/202507050211/
202507050211,第26回チャンピオンズC(GI),12,14,ペプチドナイル,https://db.netkeiba.com/race/202507050211/
202507050211,第26回チャンピオンズC(GI),13,12,ナルカミ,https://db.netkeiba.com/race/202507050211/
202507050211,第26回チャンピオンズC(GI),14,5,ヘリオス,https://db.netkeiba.com/race/202507050211/
202507050211,第26回チャンピオンズC(GI),15,16,ルクソールカフェ,https://db.netkeiba.com/race/202507050211/
202507050211,第26回チャンピオンズC(GI),16,1,ウィリアムバローズ,https://db.netkeiba.com/race/202507050211/
202506010111,第74回日刊スポ賞中山金杯(GIII),1,2,アルナシーム,https://db.netkeiba.com/race/202506010111/
202506010111,第74回日刊スポ賞中山金杯(GIII),2,7,マイネルモーント,https://db.netkeiba.com/race/202506010111/
202506010111,第74回日刊スポ賞中山金杯(GIII),3,16,ボーンディスウェイ,https://db.netkeiba.com/race/202506010111/
202506010111,第74回日刊スポ賞中山金杯(GIII),4,15,クリスマスパレード,https://db.netkeiba.com/race/202506010111/
202506010111,第74回日刊スポ賞中山金杯(GIII),5,9,ギャラクシーナイト,https://db.netkeiba.com/race/202506010111/
202506010111,第74回日刊スポ賞中山金杯(GIII),6,3,パラレルヴィジョン,https://db.netkeiba.com/race/202506010111/
202506010111,第74回日刊スポ賞中山金杯(GIII),7,5,ショウナンアデイブ,https://db.netkeiba.com/race/202506010111/
202506010111,第74回日刊スポ賞中山金杯(GIII),8,8,エアファンディタ,https://db.netkeiba.com/race/202506010111/
202506010111,第74回日刊スポ賞中山金杯(GIII),9,18,ホウオウビスケッツ,https://db.netkeiba.com/race/202506010111/
202506010111,第74回日刊スポ賞中山金杯(GIII),10,1,ラーグルフ,https://db.netkeiba.com/race/202506010111/
202506010111,第74回日刊スポ賞中山金杯(GIII),11,10,セイウンプラチナ,https://db.netkeiba.com/race/202506010111/
202506010111,第74回日刊スポ賞中山金杯(GIII),12,17,シンリョクカ,https://db.netkeiba.com/race/202506010111/
202506010111,第74回日刊スポ賞中山金杯(GIII),13,6,カラテ,https://db.netkeiba.com/race/202506010111/
202506010111,第74回日刊スポ賞中山金杯(GIII),14,4,ジェイパームス,https://db.netkeiba.com/race/202506010111/
202506010111,第74回日刊スポ賞中山金杯(GIII),15,14,リカンカブール,https://db.netkeiba.com/race/202506010111/
202506010111,第74回日刊スポ賞中山金杯(GIII),16,13,アドマイヤビルゴ,https://db.netkeiba.com/race/202506010111/
202506010111,第74回日刊スポ賞中山金杯(GIII),17,12,ディオスバリエンテ,https://db.netkeiba.com/race/202506010111/
202506010111,第74回日刊スポ賞中山金杯(GIII),18,11,カレンシュトラウス,https://db.netkeiba.com/race/202506010111/
202507010111,第63回スポニチ賞京都金杯(GIII),1,7,サクラトゥジュール,https://db.netkeiba.com/race/202507010111/
202507010111,第63回スポニチ賞京都金杯(GIII),2,16,ウォーターリヒト,https://db.netkeiba.com/race/202507010111/
202507010111,第63回スポニチ賞京都金杯(GIII),3,1,ロジリオン,https://db.netkeiba.com/race/202507010111/
202507010111,第63回スポニチ賞京都金杯(GIII),4,2,セオ,https://db.netkeiba.com/race/202507010111/
202507010111,第63回スポニチ賞京都金杯(GIII),4,5,アスクコンナモンダ,https://db.netkeiba.com/race/202507010111/
202507010111,第63回スポニチ賞京都金杯(GIII),6,9,シャドウフューリー,https://db.netkeiba.com/race/202507010111/
202507010111,第63回スポニチ賞京都金杯(GIII),7,3,シュバルツカイザー,https://db.netkeiba.com/race/202507010111/
202507010111,第63回スポニチ賞京都金杯(GIII),8,6,マテンロウオリオン,https://db.netkeiba.com/race/202507010111/
202507010111,第63回スポニチ賞京都金杯(GIII),9,11,コレペティトール,https://db.netkeiba.com/race/202507010111/
202507010111,第63回スポニチ賞京都金杯(GIII),10,14,メイショウチタン,https://db.netkeiba.com/race/202507010111/
202507010111,第63回スポニチ賞京都金杯(GIII),11,15,ドゥアイズ,https://db.netkeiba.com/race/202507010111/
202507010111,第63回スポニチ賞京都金杯(GIII),12,8,オーキッドロマンス,https://db.netkeiba.com/race/202507010111/
202507010111,第63回スポニチ賞京都金杯(GIII),13,10,セルバーグ,https://db.netkeiba.com/race/202507010111/
202507010111,第63回スポニチ賞京都金杯(GIII),14,12,フィールシンパシー,https://db.netkeiba.com/race/202507010111/
202507010111,第63回スポニチ賞京都金杯(GIII),15,4,ゴールデンシロップ,https://db.netkeiba.com/race/202507010111/
202507010111,第63回スポニチ賞京都金杯(GIII),16,13,コナコースト,https://db.netkeiba.com/race/202507010111/
202505010211,第39回根岸S(GIII),1,9,コスタノヴァ,https://db.netkeiba.com/race/202505010211/
202505010211,第39回根岸S(GIII),2,13,ロードフォンス,https://db.netkeiba.com/race/202505010211/
202505010211,第39回根岸S(GIII),3,11,アルファマム,https://db.netkeiba.com/race/202505010211/
202505010211,第39回根岸S(GIII),4,5,サンライズフレイム,https://db.netkeiba.com/race/202505010211/
202505010211,第39回根岸S(GIII),5,1,クロジシジョー,https://db.netkeiba.com/race/202505010211/
202505010211,第39回根岸S(GIII),6,8,フリームファクシ,https://db.netkeiba.com/race/202505010211/
202505010211,第39回根岸S(GIII),7,14,スレイマン,https://db.netkeiba.com/race/202505010211/
202505010211,第39回根岸S(GIII),8,15,ショウナンライシン,https://db.netkeiba.com/race/202505010211/
202505010211,第39回根岸S(GIII),9,4,アームズレイン,https://db.netkeiba.com/race/202505010211/
202505010211,第39回根岸S(GIII),10,12,サトノルフィアン,https://db.netkeiba.com/race/202505010211/
202505010211,第39回根岸S(GIII),11,3,メイショウテンスイ,https://db.netkeiba.com/race/202505010211/
202505010211,第39回根岸S(GIII),12,16,スズカコテキタイ,https://db.netkeiba.com/race/202505010211/
202505010211,第39回根岸S(GIII),13,2,ドンフランキー,https://db.netkeiba.com/race/202505010211/
202505010211,第39回根岸S(GIII),14,7,エイシンスポッター,https://db.netkeiba.com/race/202505010211/
202505010211,第39回根岸S(GIII),15,6,バルサムノート,https://db.netkeiba.com/race/202505010211/
202505010211,第39回根岸S(GIII),中,10,タガノビューティー,https://db.netkeiba.com/race/202505010211/
202505010411,第75回東京新聞杯(GIII),1,12,ウォーターリヒト,https://db.netkeiba.com/race/202505010411/
202505010411,第75回東京新聞杯(GIII),2,4,ボンドガール,https://db.netkeiba.com/race/202505010411/
202505010411,第75回東京新聞杯(GIII),3,2,メイショウチタン,https://db.netkeiba.com/race/202505010411/
202505010411,第75回東京新聞杯(GIII),4,7,ブレイディヴェーグ,https://db.netkeiba.com/race/202505010411/
202505010411,第75回東京新聞杯(GIII),5,14,マテンロウスカイ,https://db.netkeiba.com/race/202505010411/
202505010411,第75回東京新聞杯(GIII),6,16,セオ,https://db.netkeiba.com/race/202505010411/
202505010411,第75回東京新聞杯(GIII),7,3,シャンパンカラー,https://db.netkeiba.com/race/202505010411/
202505010411,第75回東京新聞杯(GIII),8,15,オフトレイル,https://db.netkeiba.com/race/202505010411/
202505010411,第75回東京新聞杯(GIII),9,6,オールナット,https://db.netkeiba.com/race/202505010411/
202505010411,第75回東京新聞杯(GIII),10,8,ジュンブロッサム,https://db.netkeiba.com/race/202505010411/
202505010411,第75回東京新聞杯(GIII),11,11,ジオグリフ,https://db.netkeiba.com/race/202505010411/
202505010411,第75回東京新聞杯(GIII),12,5,コラソンビート,https://db.netkeiba.com/race/202505010411/
202505010411,第75回東京新聞杯(GIII),12,13,ゴートゥファースト,https://db.netkeiba.com/race/202505010411/
202505010411,第75回東京新聞杯(GIII),14,10,ゾンニッヒ,https://db.netkeiba.com/race/202505010411/
202505010411,第75回東京新聞杯(GIII),15,1,サクラトゥジュール,https://db.netkeiba.com/race/202505010411/
202505010411,第75回東京新聞杯(GIII),16,9,ラーグルフ,https://db.netkeiba.com/race/202505010411/
202510011011,第59回小倉大賞典(GIII),1,2,ロングラン,https://db.netkeiba.com/race/202510011011/
202510011011,第59回小倉大賞典(GIII),2,10,ショウナンアデイブ,https://db.netkeiba.com/race/202510011011/
202510011011,第59回小倉大賞典(GIII),3,8,ラケマーダ,https://db.netkeiba.com/race/202510011011/
202510011011,第59回小倉大賞典(GIII),4,12,セルバーグ,https://db.netkeiba.com/race/202510011011/
202510011011,第59回小倉大賞典(GIII),5,7,エピファニー,https://db.netkeiba.com/race/202510011011/
202510011011,第59回小倉大賞典(GIII),6,4,マテンロウオリオン,https://db.netkeiba.com/race/202510011011/
202510011011,第59回小倉大賞典(GIII),7,6,グランドカリナン,https://db.netkeiba.com/race/202510011011/
202510011011,第59回小倉大賞典(GIII),8,3,シルトホルン,https://db.netkeiba.com/race/202510011011/
202510011011,第59回小倉大賞典(GIII),9,9,コスモブッドレア,https://db.netkeiba.com/race/202510011011/
202510011011,第59回小倉大賞典(GIII),10,11,ヤマニンウルス,https://db.netkeiba.com/race/202510011011/
202510011011,第59回小倉大賞典(GIII),11,14,エアファンディタ,https://db.netkeiba.com/race/202510011011/
202510011011,第59回小倉大賞典(GIII),12,13,ギャラクシーナイト,https://db.netkeiba.com/race/202510011011/
202510011011,第59回小倉大賞典(GIII),13,5,ホウオウプロサンゲ,https://db.netkeiba.com/race/202510011011/
202510011011,第59回小倉大賞典(GIII),取,1,タマモブラックタイ,https://db.netkeiba.com/race/202510011011/
202504010511,第47回新潟大賞典(GIII),1,8,シリウスコルト,https://db.netkeiba.com/race/202504010511/
202504010511,第47回新潟大賞典(GIII),2,14,サブマリーナ,https://db.netkeiba.com/race/202504010511/
202504010511,第47回新潟大賞典(GIII),3,5,ハピ,https://db.netkeiba.com/race/202504010511/
202504010511,第47回新潟大賞典(GIII),4,13,グランドカリナン,https://db.netkeiba.com/race/202504010511/
202504010511,第47回新潟大賞典(GIII),5,15,ボーンディスウェイ,https://db.netkeiba.com/race/202504010511/
202504010511,第47回新潟大賞典(GIII),6,7,オールナット,https://db.netkeiba.com/race/202504010511/
202504010511,第47回新潟大賞典(GIII),7,1,カネフラ,https://db.netkeiba.com/race/202504010511/
202504010511,第47回新潟大賞典(GIII),8,3,ディマイザキッド,https://db.netkeiba.com/race/202504010511/
202504010511,第47回新潟大賞典(GIII),9,6,マイネルメモリー,https://db.netkeiba.com/race/202504010511/
202504010511,第47回新潟大賞典(GIII),10,12,レガーロデルシエロ,https://db.netkeiba.com/race/202504010511/
202504010511,第47回新潟大賞典(GIII),11,2,パラレルヴィジョン,https://db.netkeiba.com/race/202504010511/
202504010511,第47回新潟大賞典(GIII),12,11,サイルーン,https://db.netkeiba.com/race/202504010511/
202504010511,第47回新潟大賞典(GIII),13,4,ショウナンアデイブ,https://db.netkeiba.com/race/202504010511/
202504010511,第47回新潟大賞典(GIII),14,10,マテンロウオリオン,https://db.netkeiba.com/race/202504010511/
202504010511,第47回新潟大賞典(GIII),15,9,エピファニー,https://db.netkeiba.com/race/202504010511/
202504010511,第47回新潟大賞典(GIII),16,16,フライライクバード,https://db.netkeiba.com/race/202504010511/
202502010611,第61回函館記念(GIII),1,8,ヴェローチェエラ,https://db.netkeiba.com/race/202502010611/
202502010611,第61回函館記念(GIII),2,3,ハヤテノフクノスケ,https://db.netkeiba.com/race/202502010611/
202502010611,第61回函館記念(GIII),3,12,マイネルメモリー,https://db.netkeiba.com/race/202502010611/
202502010611,第61回函館記念(GIII),4,7,ディマイザキッド,https://db.netkeiba.com/race/202502010611/
202502010611,第61回函館記念(GIII),5,11,ランスオブクイーン,https://db.netkeiba.com/race/202502010611/
202502010611,第61回函館記念(GIII),6,9,アルナシーム,https://db.netkeiba.com/race/202502010611/
202502010611,第61回函館記念(GIII),7,6,サンストックトン,https://db.netkeiba.com/race/202502010611/
202502010611,第61回函館記念(GIII),8,5,ボーンディスウェイ,https://db.netkeiba.com/race/202502010611/
202502010611,第61回函館記念(GIII),9,4,キミノナハマリア,https://db.netkeiba.com/race/202502010611/
202502010611,第61回函館記念(GIII),10,14,トップナイフ,https://db.netkeiba.com/race/202502010611/
202502010611,第61回函館記念(GIII),11,13,マコトヴェリーキー,https://db.netkeiba.com/race/202502010611/
202502010611,第61回函館記念(GIII),12,1,マイネルモーント,https://db.netkeiba.com/race/202502010611/
202502010611,第61回函館記念(GIII),13,10,グランディア,https://db.netkeiba.com/race/202502010611/
202502010611,第61回函館記念(GIII),14,2,アウスヴァール,https://db.netkeiba.com/race/202502010611/
202503020611,第61回七夕賞(GIII),1,2,コスモフリーゲン,https://db.netkeiba.com/race/202503020611/
202503020611,第61回七夕賞(GIII),2,15,ドゥラドーレス,https://db.netkeiba.com/race/202503020611/
202503020611,第61回七夕賞(GIII),3,7,オニャンコポン,https://db.netkeiba.com/race/202503020611/
202503020611,第61回七夕賞(GIII),4,12,シルトホルン,https://db.netkeiba.com/race/202503020611/
202503020611,第61回七夕賞(GIII),5,1,ドラゴンヘッド,https://db.netkeiba.com/race/202503020611/
202503020611,第61回七夕賞(GIII),6,13,セブンマジシャン,https://db.netkeiba.com/race/202503020611/
202503020611,第61回七夕賞(GIII),7,9,ニシノレヴナント,https://db.netkeiba.com/race/202503020611/
202503020611,第61回七夕賞(GIII),8,8,シリウスコルト,https://db.netkeiba.com/race/202503020611/
202503020611,第61回七夕賞(GIII),9,11,パラレルヴィジョン,https://db.netkeiba.com/race/202503020611/
202503020611,第61回七夕賞(GIII),10,10,ショウナンマグマ,https://db.netkeiba.com/race/202503020611/
202503020611,第61回七夕賞(GIII),11,14,バラジ,https://db.netkeiba.com/race/202503020611/
202503020611,第61回七夕賞(GIII),12,3,ダンテスヴュー,https://db.netkeiba.com/race/202503020611/
202503020611,第61回七夕賞(GIII),13,6,ギャラクシーナイト,https://db.netkeiba.com/race/202503020611/
202503020611,第61回七夕賞(GIII),14,4,マテンロウオリオン,https://db.netkeiba.com/race/202503020611/
202503020611,第61回七夕賞(GIII),15,5,リフレーミング,https://db.netkeiba.com/race/202503020611/
202504020207,第60回関屋記念(GIII),1,14,カナテープ,https://db.netkeiba.com/race/202504020207/
202504020207,第60回関屋記念(GIII),2,1,オフトレイル,https://db.netkeiba.com/race/202504020207/
202504020207,第60回関屋記念(GIII),2,11,ボンドガール,https://db.netkeiba.com/race/202504020207/
202504020207,第60回関屋記念(GIII),4,10,トランキリテ,https://db.netkeiba.com/race/202504020207/
202504020207,第60回関屋記念(GIII),5,8,シヴァース,https://db.netkeiba.com/race/202504020207/
202504020207,第60回関屋記念(GIII),6,6,ニシノスーベニア,https://db.netkeiba.com/race/202504020207/
202504020207,第60回関屋記念(GIII),7,4,レガーロデルシエロ,https://db.netkeiba.com/race/202504020207/
202504020207,第60回関屋記念(GIII),8,12,メイショウシンタケ,https://db.netkeiba.com/race/202504020207/
202504020207,第60回関屋記念(GIII),9,16,フォーチュンタイム,https://db.netkeiba.com/race/202504020207/
202504020207,第60回関屋記念(GIII),10,2,シンフォーエバー,https://db.netkeiba.com/race/202504020207/
202504020207,第60回関屋記念(GIII),11,15,イミグラントソング,https://db.netkeiba.com/race/202504020207/
202504020207,第60回関屋記念(GIII),12,3,ジョウショーホープ,https://db.netkeiba.com/race/202504020207/
202504020207,第60回関屋記念(GIII),13,18,ダイシンヤマト,https://db.netkeiba.com/race/202504020207/
202504020207,第60回関屋記念(GIII),14,9,キョウエイブリッサ,https://db.netkeiba.com/race/202504020207/
202504020207,第60回関屋記念(GIII),15,17,アルセナール,https://db.netkeiba.com/race/202504020207/
202504020207,第60回関屋記念(GIII),16,7,ハクサンバード,https://db.netkeiba.com/race/202504020207/
202504020207,第60回関屋記念(GIII),17,13,リフレーミング,https://db.netkeiba.com/race/202504020207/
202504020207,第60回関屋記念(GIII),18,5,ゴールデンシロップ,https://db.netkeiba.com/race/202504020207/
202501010511,第30回エルムS(GIII),1,1,ペリエール,https://db.netkeiba.com/race/202501010511/
202501010511,第30回エルムS(GIII),2,6,ロードクロンヌ,https://db.netkeiba.com/race/202501010511/
202501010511,第30回エルムS(GIII),3,2,ミッキーヌチバナ,https://db.netkeiba.com/race/202501010511/
202501010511,第30回エルムS(GIII),4,14,ウィリアムバローズ,https://db.netkeiba.com/race/202501010511/
202501010511,第30回エルムS(GIII),5,8,ペイシャエス,https://db.netkeiba.com/race/202501010511/
202501010511,第30回エルムS(GIII),6,11,ブライアンセンス,https://db.netkeiba.com/race/202501010511/
202501010511,第30回エルムS(GIII),7,3,ドゥラエレーデ,https://db.netkeiba.com/race/202501010511/
202501010511,第30回エルムS(GIII),8,7,テーオードレフォン,https://db.netkeiba.com/race/202501010511/
202501010511,第30回エルムS(GIII),9,12,ショウナンライシン,https://db.netkeiba.com/race/202501010511/
202501010511,第30回エルムS(GIII),10,9,ヴァルツァーシャル,https://db.netkeiba.com/race/202501010511/
202501010511,第30回エルムS(GIII),11,4,スレイマン,https://db.netkeiba.com/race/202501010511/
202501010511,第30回エルムS(GIII),12,10,トロヴァトーレ,https://db.netkeiba.com/race/202501010511/
202501010511,第30回エルムS(GIII),13,13,ワールドタキオン,https://db.netkeiba.com/race/202501010511/
202501010511,第30回エルムS(GIII),14,5,マテンロウスカイ,https://db.netkeiba.com/race/202501010511/
202507030207,第42回東海S(GIII),1,7,ヤマニンウルス,https://db.netkeiba.com/race/202507030207/
202507030207,第42回東海S(GIII),2,8,インユアパレス,https://db.netkeiba.com/race/202507030207/
202507030207,第42回東海S(GIII),3,2,ビダーヤ,https://db.netkeiba.com/race/202507030207/
202507030207,第42回東海S(GIII),4,3,オメガギネス,https://db.netkeiba.com/race/202507030207/
202507030207,第42回東海S(GIII),5,16,サンライズフレイム,https://db.netkeiba.com/race/202507030207/
202507030207,第42回東海S(GIII),6,13,コンクイスタ,https://db.netkeiba.com/race/202507030207/
202507030207,第42回東海S(GIII),7,15,リジル,https://db.netkeiba.com/race/202507030207/
202507030207,第42回東海S(GIII),8,12,アルファマム,https://db.netkeiba.com/race/202507030207/
202507030207,第42回東海S(GIII),9,6,ダノンスコーピオン,https://db.netkeiba.com/race/202507030207/
202507030207,第42回東海S(GIII),10,14,サンライズホーク,https://db.netkeiba.com/race/202507030207/
202507030207,第42回東海S(GIII),11,4,エートラックス,https://db.netkeiba.com/race/202507030207/
202507030207,第42回東海S(GIII),12,5,イグザルト,https://db.netkeiba.com/race/202507030207/
202507030207,第42回東海S(GIII),13,10,ヴィクティファルス,https://db.netkeiba.com/race/202507030207/
202507030207,第42回東海S(GIII),14,11,ロードエクレール,https://db.netkeiba.com/race/202507030207/
202507030207,第42回東海S(GIII),15,9,ライツフォル,https://db.netkeiba.com/race/202507030207/
202507030207,第42回東海S(GIII),16,1,アドバンスファラオ,https://db.netkeiba.com/race/202507030207/
202505050311,第30回武蔵野S(GIII),1,16,ルクソールカフェ,https://db.netkeiba.com/race/202505050311/
202505050311,第30回武蔵野S(GIII),2,4,コスタノヴァ,https://db.netkeiba.com/race/202505050311/
202505050311,第30回武蔵野S(GIII),3,1,ビダーヤ,https://db.netkeiba.com/race/202505050311/
202505050311,第30回武蔵野S(GIII),4,15,サンライズフレイム,https://db.netkeiba.com/race/202505050311/
202505050311,第30回武蔵野S(GIII),5,3,ロードフォンス,https://db.netkeiba.com/race/202505050311/
202505050311,第30回武蔵野S(GIII),6,2,ヴァルツァーシャル,https://db.netkeiba.com/race/202505050311/
202505050311,第30回武蔵野S(GIII),7,11,オメガギネス,https://db.netkeiba.com/race/202505050311/
202505050311,第30回武蔵野S(GIII),8,12,ラタフォレスト,https://db.netkeiba.com/race/202505050311/
202505050311,第30回武蔵野S(GIII),9,14,ペプチドナイル,https://db.netkeiba.com/race/202505050311/
202505050311,第30回武蔵野S(GIII),10,9,マテンロウコマンド,https://db.netkeiba.com/race/202505050311/
202505050311,第30回武蔵野S(GIII),11,10,ダノンスコーピオン,https://db.netkeiba.com/race/202505050311/
202505050311,第30回武蔵野S(GIII),12,13,ウェットシーズン,https://db.netkeiba.com/race/202505050311/
202505050311,第30回武蔵野S(GIII),13,6,アサカラキング,https://db.netkeiba.com/race/202505050311/
202505050311,第30回武蔵野S(GIII),14,7,アドマイヤデイトナ,https://db.netkeiba.com/race/202505050311/
202505050311,第30回武蔵野S(GIII),15,5,バトルクライ,https://db.netkeiba.com/race/202505050311/
202505050311,第30回武蔵野S(GIII),16,8,サンライズホーク,https://db.netkeiba.com/race/202505050311/
