Race_ID,Race_Name,P1_Horse_No,P1_Horse_Name,P1_Canonical_Identity,P1_Finish_Time,P1_Margin,P1_Last3F,P2_Horse_No,P2_Horse_Name,P2_Canonical_Identity,P2_Finish_Time,P2_Margin,P2_Last3F,P3_Horse_No,P3_Horse_Name,P3_Canonical_Identity,P3_Finish_Time,P3_Margin,P3_Last3F,P4_Horse_No,P4_Horse_Name,P4_Canonical_Identity,P4_Finish_Time,P4_Margin,P4_Last3F,P5_Horse_No,P5_Horse_Name,P5_Canonical_Identity,P5_Finish_Time,P5_Margin,P5_Last3F
202506010911,第66回アメリカジョッキーC(GII),8,ダノンデサイル,202506010911|8|ダノンデサイル,2:12.1,,36.0,11,マテンロウレオ,202506010911|11|マテンロウレオ,2:12.2,3/4,36.3,13,コスモキュランダ,202506010911|13|コスモキュランダ,2:12.2,ハナ,36.4,4,ボルドグフーシュ,202506010911|4|ボルドグフーシュ,2:12.6,2.1/2,36.1,1,ライラック,202506010911|1|ライラック,2:12.7,クビ,36.3
202508010611,第118回京都記念(GII),1,ヨーホーレイク,202508010611|1|ヨーホーレイク,2:15.7,,34.2,3,リビアングラス,202508010611|3|リビアングラス,2:15.8,3/4,34.4,10,マコトヴェリーキー,202508010611|10|マコトヴェリーキー,2:15.9,クビ,34.7,2,バビット,202508010611|2|バビット,2:16.0,1/2,34.9,4,ソールオリエンス,202508010611|4|ソールオリエンス,2:16.1,1/2,34.1
202507020211,第61回東海テレビ杯金鯱賞(GII),6,クイーンズウォーク,202507020211|6|クイーンズウォーク,2:01.3,,36.3,2,ホウオウビスケッツ,202507020211|2|ホウオウビスケッツ,2:01.3,ハナ,36.8,4,キングズパレス,202507020211|4|キングズパレス,2:01.6,2,36.0,5,デシエルト,202507020211|5|デシエルト,2:01.7,1/2,39.0,7,ディープモンスター,202507020211|7|ディープモンスター,2:01.9,1,36.8
202509010811,第73回阪神大賞典(GII),9,サンライズアース,202509010811|9|サンライズアース,3:03.3,,35.0,7,マコトヴェリーキー,202509010811|7|マコトヴェリーキー,3:04.3,6,36.1,5,ブローザホーン,202509010811|5|ブローザホーン,3:04.4,1/2,35.5,1,ショウナンラプンタ,202509010811|1|ショウナンラプンタ,3:04.4,ハナ,35.2,2,ヴェローチェエラ,202509010811|2|ヴェローチェエラ,3:04.7,1.3/4,36.0
202506020211,第99回中山記念(GII),1,シックスペンス,202506020211|1|シックスペンス,1:44.8,,33.9,4,エコロヴァルツ,202506020211|4|エコロヴァルツ,1:44.8,ハナ,34.2,8,ソウルラッシュ,202506020211|8|ソウルラッシュ,1:45.0,1.1/4,34.1,5,タイムトゥヘヴン,202506020211|5|タイムトゥヘヴン,1:45.3,1.3/4,34.0,16,クルゼイロドスル,202506020211|16|クルゼイロドスル,1:45.3,クビ,34.6
202506030111,第73回日経賞(GII),8,マイネルエンペラー,202506030111|8|マイネルエンペラー,2:36.1,,37.0,6,チャックネイト,202506030111|6|チャックネイト,2:36.1,クビ,36.5,7,アーバンシック,202506030111|7|アーバンシック,2:36.2,クビ,36.6,15,リビアングラス,202506030111|15|リビアングラス,2:36.2,クビ,37.2,11,マイネルクリソーラ,202506030111|11|マイネルクリソーラ,2:36.2,アタマ,36.4
202501010811,第61回札幌記念(GII),9,トップナイフ,202501010811|9|トップナイフ,2:01.5,,36.2,15,ココナッツブラウン,202501010811|15|ココナッツブラウン,2:01.7,1,35.5,14,アラタ,202501010811|14|アラタ,2:01.8,3/4,35.0,6,ケイアイセナ,202501010811|6|ケイアイセナ,2:01.8,ハナ,37.0,10,ヴェローチェエラ,202501010811|10|ヴェローチェエラ,2:01.9,1/2,35.1
202505040211,第76回毎日王冠(GII),9,レーベンスティール,202505040211|9|レーベンスティール,1:44.0,,33.3,8,ホウオウビスケッツ,202505040211|8|ホウオウビスケッツ,1:44.1,1/2,33.8,10,サトノシャイニング,202505040211|10|サトノシャイニング,1:44.2,3/4,33.7,3,ディマイザキッド,202505040211|3|ディマイザキッド,1:44.4,1.1/2,33.2,2,エルトンバローズ,202505040211|2|エルトンバローズ,1:44.5,1/2,33.8
202508030211,第60回京都大賞典(GII),3,ディープモンスター,202508030211|3|ディープモンスター,2:23.9,,34.4,5,サンライズアース,202508030211|5|サンライズアース,2:24.0,1/2,35.0,8,ヴェルミセル,202508030211|8|ヴェルミセル,2:24.1,クビ,34.3,4,アドマイヤテラ,202508030211|4|アドマイヤテラ,2:24.2,1/2,34.8,18,ショウナンラプンタ,202508030211|18|ショウナンラプンタ,2:24.2,クビ,34.5
202505040611,第28回富士S(GII),11,ガイアフォース,202505040611|11|ガイアフォース,1:31.7,,33.3,14,ジャンタルマンタル,202505040611|14|ジャンタルマンタル,1:31.8,1/2,33.3,6,ソウルラッシュ,202505040611|6|ソウルラッシュ,1:32.1,1.3/4,33.4,8,ジュンブロッサム,202505040611|8|ジュンブロッサム,1:32.1,クビ,32.8,4,ウンブライル,202505040611|4|ウンブライル,1:32.1,クビ,33.2
202505010811,第42回フェブラリーS(GI),9,コスタノヴァ,202505010811|9|コスタノヴァ,1:35.5,,35.6,12,サンライズジパング,202505010811|12|サンライズジパング,1:35.7,3/4,35.2,14,ミッキーファイト,202505010811|14|ミッキーファイト,1:35.9,1.1/4,35.8,11,ペプチドナイル,202505010811|11|ペプチドナイル,1:35.9,クビ,35.8,1,エンペラーワケア,202505010811|1|エンペラーワケア,1:36.0,1/2,36.2
202509020411,第69回大阪杯(GI),5,ベラジオオペラ,202509020411|5|ベラジオオペラ,1:56.2,,34.1,13,ロードデルレイ,202509020411|13|ロードデルレイ,1:56.4,1,33.8,7,ヨーホーレイク,202509020411|7|ヨーホーレイク,1:56.5,1,33.5,14,エコロヴァルツ,202509020411|14|エコロヴァルツ,1:56.5,ハナ,33.8,2,ホウオウビスケッツ,202509020411|2|ホウオウビスケッツ,1:56.6,クビ,34.8
202508020411,第171回天皇賞(春)(GI),6,ヘデントール,202508020411|6|ヘデントール,3:14.0,,35.3,14,ビザンチンドリーム,202508020411|14|ビザンチンドリーム,3:14.0,アタマ,34.9,8,ショウナンラプンタ,202508020411|8|ショウナンラプンタ,3:14.5,3,36.0,5,サンライズアース,202508020411|5|サンライズアース,3:14.8,2,36.4,11,マイネルエンペラー,202508020411|11|マイネルエンペラー,3:15.0,1.1/4,36.7
202505030211,第75回安田記念(GI),10,ジャンタルマンタル,202505030211|10|ジャンタルマンタル,1:32.7,,34.2,7,ガイアフォース,202505030211|7|ガイアフォース,1:32.9,1.1/2,33.9,13,ソウルラッシュ,202505030211|13|ソウルラッシュ,1:33.0,クビ,33.9,18,ブレイディヴェーグ,202505030211|18|ブレイディヴェーグ,1:33.0,クビ,34.1,4,ウインマーベル,202505030211|4|ウインマーベル,1:33.1,クビ,34.7
202509030411,第66回宝塚記念(GI),12,メイショウタバル,202509030411|12|メイショウタバル,2:11.1,,36.0,1,ベラジオオペラ,202509030411|1|ベラジオオペラ,2:11.6,3,36.4,7,ジャスティンパレス,202509030411|7|ジャスティンパレス,2:11.6,クビ,35.1,16,ショウナンラプンタ,202509030411|16|ショウナンラプンタ,2:11.8,3/4,35.9,5,チャックネイト,202509030411|5|チャックネイト,2:11.8,アタマ,35.8
202506040911,第59回スプリンターズS(GI),16,ウインカーネリアン,202506040911|16|ウインカーネリアン,1:06.9,,33.0,13,ジューンブレア,202506040911|13|ジューンブレア,1:06.9,アタマ,33.2,6,ナムラクレア,202506040911|6|ナムラクレア,1:07.2,1.1/2,32.7,7,サトノレーヴ,202506040911|7|サトノレーヴ,1:07.2,ハナ,33.0,2,ヨシノイースター,202506040911|2|ヨシノイースター,1:07.3,クビ,33.1
202505041111,第172回天皇賞(秋)(GI),7,マスカレードボール,202505041111|7|マスカレードボール,1:58.6,,32.3,9,ミュージアムマイル,202505041111|9|ミュージアムマイル,1:58.7,3/4,32.3,3,ジャスティンパレス,202505041111|3|ジャスティンパレス,1:58.8,クビ,32.6,11,シランケド,202505041111|11|シランケド,1:58.8,クビ,31.7,2,アーバンシック,202505041111|2|アーバンシック,1:58.8,クビ,32.2
202507050211,第26回チャンピオンズC(GI),2,ダブルハートボンド,202507050211|2|ダブルハートボンド,1:50.2,,37.1,8,ウィルソンテソーロ,202507050211|8|ウィルソンテソーロ,1:50.2,ハナ,36.8,7,ラムジェット,202507050211|7|ラムジェット,1:50.6,2.1/2,36.9,3,メイショウハリオ,202507050211|3|メイショウハリオ,1:50.6,アタマ,36.7,9,アウトレンジ,202507050211|9|アウトレンジ,1:51.0,2.1/2,37.6
202506010111,第74回日刊スポ賞中山金杯(GIII),2,アルナシーム,202506010111|2|アルナシーム,1:58.1,,34.6,7,マイネルモーント,202506010111|7|マイネルモーント,1:58.3,1.1/4,34.6,16,ボーンディスウェイ,202506010111|16|ボーンディスウェイ,1:58.4,1,35.7,15,クリスマスパレード,202506010111|15|クリスマスパレード,1:58.5,1/2,36.1,9,ギャラクシーナイト,202506010111|9|ギャラクシーナイト,1:58.5,ハナ,34.5
202507010111,第63回スポニチ賞京都金杯(GIII),7,サクラトゥジュール,202507010111|7|サクラトゥジュール,1:33.5,,34.6,16,ウォーターリヒト,202507010111|16|ウォーターリヒト,1:33.6,クビ,34.3,1,ロジリオン,202507010111|1|ロジリオン,1:33.6,クビ,35.1,2,セオ,202507010111|2|セオ,1:33.8,1,35.5,,,,,,
202505010211,第39回根岸S(GIII),9,コスタノヴァ,202505010211|9|コスタノヴァ,1:22.6,,35.9,13,ロードフォンス,202505010211|13|ロードフォンス,1:23.3,4,36.5,11,アルファマム,202505010211|11|アルファマム,1:23.6,2,35.7,5,サンライズフレイム,202505010211|5|サンライズフレイム,1:23.8,1,38.0,1,クロジシジョー,202505010211|1|クロジシジョー,1:23.9,3/4,36.9
202505010411,第75回東京新聞杯(GIII),12,ウォーターリヒト,202505010411|12|ウォーターリヒト,1:32.6,,33.2,4,ボンドガール,202505010411|4|ボンドガール,1:32.7,クビ,33.7,2,メイショウチタン,202505010411|2|メイショウチタン,1:32.8,1/2,35.1,7,ブレイディヴェーグ,202505010411|7|ブレイディヴェーグ,1:32.8,クビ,33.6,14,マテンロウスカイ,202505010411|14|マテンロウスカイ,1:32.9,1/2,34.4
202510011011,第59回小倉大賞典(GIII),2,ロングラン,202510011011|2|ロングラン,1:46.1,,34.0,10,ショウナンアデイブ,202510011011|10|ショウナンアデイブ,1:46.1,クビ,34.3,8,ラケマーダ,202510011011|8|ラケマーダ,1:46.3,1.1/4,34.3,12,セルバーグ,202510011011|12|セルバーグ,1:46.3,クビ,36.4,7,エピファニー,202510011011|7|エピファニー,1:46.4,クビ,34.5
202504010511,第47回新潟大賞典(GIII),8,シリウスコルト,202504010511|8|シリウスコルト,2:00.5,,34.6,14,サブマリーナ,202504010511|14|サブマリーナ,2:00.8,2,33.8,5,ハピ,202504010511|5|ハピ,2:00.8,クビ,34.0,13,グランドカリナン,202504010511|13|グランドカリナン,2:00.9,クビ,34.9,15,ボーンディスウェイ,202504010511|15|ボーンディスウェイ,2:01.1,1.1/4,34.7
202502010611,第61回函館記念(GIII),8,ヴェローチェエラ,202502010611|8|ヴェローチェエラ,1:57.6,,34.7,3,ハヤテノフクノスケ,202502010611|3|ハヤテノフクノスケ,1:57.9,1.1/2,35.3,12,マイネルメモリー,202502010611|12|マイネルメモリー,1:57.9,クビ,34.2,7,ディマイザキッド,202502010611|7|ディマイザキッド,1:58.0,3/4,34.5,11,ランスオブクイーン,202502010611|11|ランスオブクイーン,1:58.1,クビ,35.2
202503020611,第61回七夕賞(GIII),2,コスモフリーゲン,202503020611|2|コスモフリーゲン,2:00.5,,36.0,15,ドゥラドーレス,202503020611|15|ドゥラドーレス,2:00.5,アタマ,35.4,7,オニャンコポン,202503020611|7|オニャンコポン,2:01.1,3.1/2,35.7,12,シルトホルン,202503020611|12|シルトホルン,2:01.3,1.1/4,36.3,1,ドラゴンヘッド,202503020611|1|ドラゴンヘッド,2:01.6,2,35.6
202504020207,第60回関屋記念(GIII),14,カナテープ,202504020207|14|カナテープ,1:31.0,,32.5,1,オフトレイル,202504020207|1|オフトレイル,1:31.0,クビ,32.7,,,,,,,10,トランキリテ,202504020207|10|トランキリテ,1:31.2,1.1/4,32.7,8,シヴァース,202504020207|8|シヴァース,1:31.2,アタマ,33.5
202501010511,第30回エルムS(GIII),1,ペリエール,202501010511|1|ペリエール,1:43.5,,36.6,6,ロードクロンヌ,202501010511|6|ロードクロンヌ,1:43.9,2.1/2,37.0,2,ミッキーヌチバナ,202501010511|2|ミッキーヌチバナ,1:44.1,1,36.5,14,ウィリアムバローズ,202501010511|14|ウィリアムバローズ,1:44.4,1.3/4,37.8,8,ペイシャエス,202501010511|8|ペイシャエス,1:44.4,クビ,36.3
202507030207,第42回東海S(GIII),7,ヤマニンウルス,202507030207|7|ヤマニンウルス,1:22.2,,35.7,8,インユアパレス,202507030207|8|インユアパレス,1:22.8,3.1/2,35.7,2,ビダーヤ,202507030207|2|ビダーヤ,1:23.1,1.1/2,35.8,3,オメガギネス,202507030207|3|オメガギネス,1:23.2,1/2,35.6,16,サンライズフレイム,202507030207|16|サンライズフレイム,1:23.2,クビ,35.8
202505050311,第30回武蔵野S(GIII),16,ルクソールカフェ,202505050311|16|ルクソールカフェ,1:35.2,,34.9,4,コスタノヴァ,202505050311|4|コスタノヴァ,1:35.8,3.1/2,34.8,1,ビダーヤ,202505050311|1|ビダーヤ,1:35.8,ハナ,35.0,15,サンライズフレイム,202505050311|15|サンライズフレイム,1:35.8,アタマ,35.3,3,ロードフォンス,202505050311|3|ロードフォンス,1:35.8,クビ,35.3
