Race_ID,Race_Name,Finish_Position_Raw,Finish_Position,Horse_No,Horse_Name,Canonical_Horse_Identity,Frame_No,Sex_Age,Carried_Weight,Jockey,Finish_Time,Margin,Passing_Order,Last3F,Body_Weight,Trainer,Source_URL
202506010911,第66回アメリカジョッキーC(GII),1,1,8,ダノンデサイル,202506010911|8|ダノンデサイル,4,牡4,58,戸崎圭太,2:12.1,,7-7-7-5,36.0,516(-4),[西] 安田翔伍,https://db.netkeiba.com/race/202506010911/
202506010911,第66回アメリカジョッキーC(GII),2,2,11,マテンロウレオ,202506010911|11|マテンロウレオ,6,牡6,57,横山典弘,2:12.2,3/4,3-3-3-5,36.3,480(-2),[西] 昆貢,https://db.netkeiba.com/race/202506010911/
202506010911,第66回アメリカジョッキーC(GII),3,3,13,コスモキュランダ,202506010911|13|コスモキュランダ,7,牡4,57,横山武史,2:12.2,ハナ,14-13-3-2,36.4,510(+6),[東] 加藤士津,https://db.netkeiba.com/race/202506010911/
202506010911,第66回アメリカジョッキーC(GII),4,4,4,ボルドグフーシュ,202506010911|4|ボルドグフーシュ,2,牡6,57,内田博幸,2:12.6,2.1/2,9-9-12-12,36.1,506(-10),[西] 宮本博,https://db.netkeiba.com/race/202506010911/
202506010911,第66回アメリカジョッキーC(GII),5,5,1,ライラック,202506010911|1|ライラック,1,牝6,55,石川裕紀,2:12.7,クビ,9-9-10-10,36.3,444(-4),[東] 相沢郁,https://db.netkeiba.com/race/202506010911/
202506010911,第66回アメリカジョッキーC(GII),6,6,10,ビザンチンドリーム,202506010911|10|ビザンチンドリーム,5,牡4,56,ルメート,2:12.8,1,16-15-10-10,36.5,460(+4),[西] 坂口智康,https://db.netkeiba.com/race/202506010911/
202506010911,第66回アメリカジョッキーC(GII),7,7,18,ボーンディスウェイ,202506010911|18|ボーンディスウェイ,8,牡6,57,木幡巧也,2:12.9,アタマ,5-5-3-3,37.0,498(0),[東] 牧光二,https://db.netkeiba.com/race/202506010911/
202506010911,第66回アメリカジョッキーC(GII),8,8,15,エヒト,202506010911|15|エヒト,7,牡8,57,吉田豊,2:12.9,クビ,5-5-7-7,36.8,470(-4),[西] 森秀行,https://db.netkeiba.com/race/202506010911/
202506010911,第66回アメリカジョッキーC(GII),9,9,7,マイネルクリソーラ,202506010911|7|マイネルクリソーラ,4,牡6,57,津村明秀,2:13.0,1/2,11-11-14-12,36.2,462(+6),[東] 手塚貴久,https://db.netkeiba.com/race/202506010911/
202506010911,第66回アメリカジョッキーC(GII),10,10,9,ディープモンスター,202506010911|9|ディープモンスター,5,牡7,57,浜中俊,2:13.0,ハナ,16-17-13-14,36.4,466(-2),[西] 池江泰寿,https://db.netkeiba.com/race/202506010911/
202506010911,第66回アメリカジョッキーC(GII),11,11,5,カラテ,202506010911|5|カラテ,3,牡9,57,杉原誠人,2:13.2,1,14-15-17-15,36.0,538(-8),[西] 音無秀孝,https://db.netkeiba.com/race/202506010911/
202506010911,第66回アメリカジョッキーC(GII),12,12,2,レーベンスティール,202506010911|2|レーベンスティール,1,牡5,58,ルメール,2:13.2,クビ,7-7-7-7,37.1,492(+12),[東] 田中博康,https://db.netkeiba.com/race/202506010911/
202506010911,第66回アメリカジョッキーC(GII),13,13,16,チャックネイト,202506010911|16|チャックネイト,8,セ7,58,キング,2:13.4,1,2-2-1-1,37.9,498(+28),[東] 堀宣行,https://db.netkeiba.com/race/202506010911/
202506010911,第66回アメリカジョッキーC(GII),14,14,12,アラタ,202506010911|12|アラタ,6,牡8,57,大野拓弥,2:13.4,クビ,11-11-14-15,36.6,486(+12),[東] 和田勇介,https://db.netkeiba.com/race/202506010911/
202506010911,第66回アメリカジョッキーC(GII),15,15,3,ポタジェ,202506010911|3|ポタジェ,2,牡8,58,岩田望来,2:13.7,1.1/2,3-3-6-7,37.7,482(+10),[西] 友道康夫,https://db.netkeiba.com/race/202506010911/
202506010911,第66回アメリカジョッキーC(GII),16,16,6,ニシノレヴナント,202506010911|6|ニシノレヴナント,3,セ5,57,田辺裕信,2:14.1,2.1/2,18-18-18-18,36.7,500(+10),[東] 上原博之,https://db.netkeiba.com/race/202506010911/
202506010911,第66回アメリカジョッキーC(GII),17,17,14,ホウオウリアリティ,202506010911|14|ホウオウリアリティ,7,牡7,57,菅原明良,2:14.1,クビ,13-13-16-17,37.2,492(+6),[東] 高木登,https://db.netkeiba.com/race/202506010911/
202506010911,第66回アメリカジョッキーC(GII),18,18,17,アウスヴァール,202506010911|17|アウスヴァール,8,セ7,57,横山和生,2:14.2,クビ,1-1-2-3,38.6,490(0),[西] 昆貢,https://db.netkeiba.com/race/202506010911/
202508010611,第118回京都記念(GII),1,1,1,ヨーホーレイク,202508010611|1|ヨーホーレイク,1,牡7,57,岩田望来,2:15.7,,5-5-6-4,34.2,534(+20),[西] 友道康夫,https://db.netkeiba.com/race/202508010611/
202508010611,第118回京都記念(GII),2,2,3,リビアングラス,202508010611|3|リビアングラス,3,牡5,57,松山弘平,2:15.8,3/4,3-3-3-5,34.4,500(+4),[西] 矢作芳人,https://db.netkeiba.com/race/202508010611/
202508010611,第118回京都記念(GII),3,3,10,マコトヴェリーキー,202508010611|10|マコトヴェリーキー,7,牡5,57,北村友一,2:15.9,クビ,3-4-3-3,34.7,476(-4),[西] 上村洋行,https://db.netkeiba.com/race/202508010611/
202508010611,第118回京都記念(GII),4,4,2,バビット,202508010611|2|バビット,2,牡8,57,高杉吏麒,2:16.0,1/2,1-1-1-1,34.9,476(+10),[西] 浜田多実,https://db.netkeiba.com/race/202508010611/
202508010611,第118回京都記念(GII),5,5,4,ソールオリエンス,202508010611|4|ソールオリエンス,4,牡5,58,川田将雅,2:16.1,1/2,10-9-10-9,34.1,472(-4),[東] 手塚貴久,https://db.netkeiba.com/race/202508010611/
202508010611,第118回京都記念(GII),6,6,9,プラダリア,202508010611|9|プラダリア,7,牡6,58,池添謙一,2:16.2,3/4,5-5-6-7,34.6,474(+4),[西] 池添学,https://db.netkeiba.com/race/202508010611/
202508010611,第118回京都記念(GII),7,7,8,エヒト,202508010611|8|エヒト,6,牡8,57,岩田康誠,2:16.4,1,7-7-8-7,34.6,466(-4),[西] 森秀行,https://db.netkeiba.com/race/202508010611/
202508010611,第118回京都記念(GII),8,8,11,セイウンハーデス,202508010611|11|セイウンハーデス,8,牡6,57,幸英明,2:16.5,1/2,2-2-2-2,35.4,488(-2),[西] 橋口慎介,https://db.netkeiba.com/race/202508010611/
202508010611,第118回京都記念(GII),9,9,6,チェルヴィニア,202508010611|6|チェルヴィニア,5,牝4,55,ルメール,2:16.7,1.1/4,7-7-3-5,35.3,500(+6),[東] 木村哲也,https://db.netkeiba.com/race/202508010611/
202508010611,第118回京都記念(GII),10,10,12,ブレイヴロッカー,202508010611|12|ブレイヴロッカー,8,牡5,57,田口貫太,2:16.7,ハナ,7-9-8-9,34.8,464(+2),[西] 本田優,https://db.netkeiba.com/race/202508010611/
202508010611,第118回京都記念(GII),11,11,5,フォワードアゲン,202508010611|5|フォワードアゲン,5,セ8,57,古川吉洋,2:17.3,3.1/2,11-11-11-11,35.1,442(+2),[東] 加藤和宏,https://db.netkeiba.com/race/202508010611/
202508010611,第118回京都記念(GII),12,12,7,メイショウユズルハ,202508010611|7|メイショウユズルハ,6,牡6,57,西村淳也,2:17.6,2,11-12-11-11,35.4,508(+8),[西] 岡田稲男,https://db.netkeiba.com/race/202508010611/
202507020211,第61回東海テレビ杯金鯱賞(GII),1,1,6,クイーンズウォーク,202507020211|6|クイーンズウォーク,6,牝4,55,川田将雅,2:01.3,,3-3-3-3,36.3,534(0),[西] 中内田充,https://db.netkeiba.com/race/202507020211/
202507020211,第61回東海テレビ杯金鯱賞(GII),2,2,2,ホウオウビスケッツ,202507020211|2|ホウオウビスケッツ,2,牡5,57,岩田康誠,2:01.3,ハナ,2-2-2-2,36.8,504(-2),[東] 奥村武,https://db.netkeiba.com/race/202507020211/
202507020211,第61回東海テレビ杯金鯱賞(GII),3,3,4,キングズパレス,202507020211|4|キングズパレス,4,牡6,57,池添謙一,2:01.6,2,10-10-9-7,36.0,502(-4),[東] 戸田博文,https://db.netkeiba.com/race/202507020211/
202507020211,第61回東海テレビ杯金鯱賞(GII),4,4,5,デシエルト,202507020211|5|デシエルト,5,牡6,57,武豊,2:01.7,1/2,1-1-1-1,39.0,536(+4),[西] 安田翔伍,https://db.netkeiba.com/race/202507020211/
202507020211,第61回東海テレビ杯金鯱賞(GII),5,5,7,ディープモンスター,202507020211|7|ディープモンスター,7,牡7,57,松山弘平,2:01.9,1,6-6-4-4,36.8,464(-2),[西] 池江泰寿,https://db.netkeiba.com/race/202507020211/
202507020211,第61回東海テレビ杯金鯱賞(GII),6,6,8,プログノーシス,202507020211|8|プログノーシス,7,牡7,58,西村淳也,2:02.3,2.1/2,9-9-9-7,36.8,484(+10),[西] 中内田充,https://db.netkeiba.com/race/202507020211/
202507020211,第61回東海テレビ杯金鯱賞(GII),7,7,10,マイネルモーント,202507020211|10|マイネルモーント,8,牡5,57,丹内祐次,2:02.6,1.1/2,4-4-7-7,37.1,472(+2),[東] 高木登,https://db.netkeiba.com/race/202507020211/
202507020211,第61回東海テレビ杯金鯱賞(GII),8,8,3,ライラック,202507020211|3|ライラック,3,牝6,55,石川裕紀,2:03.1,3,5-4-4-5,37.8,446(+2),[東] 相沢郁,https://db.netkeiba.com/race/202507020211/
202507020211,第61回東海テレビ杯金鯱賞(GII),9,9,9,ラヴェル,202507020211|9|ラヴェル,8,牝5,55,北村友一,2:03.6,3,7-7-6-5,38.3,480(+12),[西] 矢作芳人,https://db.netkeiba.com/race/202507020211/
202507020211,第61回東海テレビ杯金鯱賞(GII),10,10,1,アスクドゥポルテ,202507020211|1|アスクドゥポルテ,1,牡5,57,岩田望来,2:04.7,7,7-7-7-7,39.2,470(-6),[西] 梅田智之,https://db.netkeiba.com/race/202507020211/
202509010811,第73回阪神大賞典(GII),1,1,9,サンライズアース,202509010811|9|サンライズアース,7,牡4,56,池添謙一,3:03.3,,1-1-2-2,35.0,526(-8),[西] 石坂公一,https://db.netkeiba.com/race/202509010811/
202509010811,第73回阪神大賞典(GII),2,2,7,マコトヴェリーキー,202509010811|7|マコトヴェリーキー,6,牡5,57,岩田望来,3:04.3,6,2-2-1-1,36.1,466(-10),[西] 上村洋行,https://db.netkeiba.com/race/202509010811/
202509010811,第73回阪神大賞典(GII),3,3,5,ブローザホーン,202509010811|5|ブローザホーン,5,牡6,59,菅原明良,3:04.4,1/2,7-8-8-7,35.5,434(+2),[西] 吉岡辰弥,https://db.netkeiba.com/race/202509010811/
202509010811,第73回阪神大賞典(GII),4,4,1,ショウナンラプンタ,202509010811|1|ショウナンラプンタ,1,牡4,56,武豊,3:04.4,ハナ,11-11-10-8,35.2,542(+2),[西] 高野友和,https://db.netkeiba.com/race/202509010811/
202509010811,第73回阪神大賞典(GII),5,5,2,ヴェローチェエラ,202509010811|2|ヴェローチェエラ,2,牡4,56,川田将雅,3:04.7,1.3/4,5-5-5-3,36.0,500(+4),[西] 須貝尚介,https://db.netkeiba.com/race/202509010811/
202509010811,第73回阪神大賞典(GII),6,6,6,ゴールデンスナップ,202509010811|6|ゴールデンスナップ,6,牝5,55,浜中俊,3:05.0,1.3/4,2-4-4-6,36.3,464(+6),[西] 田中克典,https://db.netkeiba.com/race/202509010811/
202509010811,第73回阪神大賞典(GII),7,7,10,ワープスピード,202509010811|10|ワープスピード,8,牡6,57,横山和生,3:05.1,1/2,2-2-3-3,36.6,506(-6),[東] 高木登,https://db.netkeiba.com/race/202509010811/
202509010811,第73回阪神大賞典(GII),8,8,8,ウインエアフォルク,202509010811|8|ウインエアフォルク,7,牡8,57,古川吉洋,3:05.6,3,9-9-10-10,36.3,480(-6),[東] 根本康広,https://db.netkeiba.com/race/202509010811/
202509010811,第73回阪神大賞典(GII),9,9,3,リンフレスカンテ,202509010811|3|リンフレスカンテ,3,牡7,57,松山弘平,3:06.5,5,7-6-6-3,37.7,446(-2),[西] 宮本博,https://db.netkeiba.com/race/202509010811/
202509010811,第73回阪神大賞典(GII),10,10,4,コパノサントス,202509010811|4|コパノサントス,4,牡5,57,田口貫太,3:06.7,1.1/4,6-6-6-8,37.6,468(+8),[西] 梅田智之,https://db.netkeiba.com/race/202509010811/
202509010811,第73回阪神大賞典(GII),11,11,11,ウィープディライト,202509010811|11|ウィープディライト,8,セ4,56,鮫島克駿,3:07.3,3.1/2,9-9-8-11,38.1,496(-4),[西] 池添学,https://db.netkeiba.com/race/202509010811/
202506020211,第99回中山記念(GII),1,1,1,シックスペンス,202506020211|1|シックスペンス,1,牡4,58,ルメール,1:44.8,,6-7-8-7,33.9,512(+10),[東] 国枝栄,https://db.netkeiba.com/race/202506020211/
202506020211,第99回中山記念(GII),2,2,4,エコロヴァルツ,202506020211|4|エコロヴァルツ,2,牡4,57,Ｍ．デム,1:44.8,ハナ,2-3-5-3,34.2,488(0),[西] 牧浦充徳,https://db.netkeiba.com/race/202506020211/
202506020211,第99回中山記念(GII),3,3,8,ソウルラッシュ,202506020211|8|ソウルラッシュ,4,牡7,59,団野大成,1:45.0,1.1/4,9-9-8-7,34.1,508(-9),[西] 池江泰寿,https://db.netkeiba.com/race/202506020211/
202506020211,第99回中山記念(GII),4,4,5,タイムトゥヘヴン,202506020211|5|タイムトゥヘヴン,3,牡7,57,田辺裕信,1:45.3,1.3/4,15-15-13-14,34.0,490(+6),[東] 戸田博文,https://db.netkeiba.com/race/202506020211/
202506020211,第99回中山記念(GII),5,5,16,クルゼイロドスル,202506020211|16|クルゼイロドスル,8,牡5,57,荻野極,1:45.3,クビ,6-3-5-7,34.6,502(+2),[西] 高橋義忠,https://db.netkeiba.com/race/202506020211/
202506020211,第99回中山記念(GII),6,6,7,メイショウチタン,202506020211|7|メイショウチタン,4,牡8,57,吉田豊,1:45.3,アタマ,1-1-1-1,35.3,476(-4),[西] 本田優,https://db.netkeiba.com/race/202506020211/
202506020211,第99回中山記念(GII),7,7,11,グランディア,202506020211|11|グランディア,6,セ6,57,三浦皇成,1:45.4,クビ,11-11-11-10,34.3,486(+6),[西] 中内田充,https://db.netkeiba.com/race/202506020211/
202506020211,第99回中山記念(GII),8,8,3,ボーンディスウェイ,202506020211|3|ボーンディスウェイ,2,牡6,57,木幡巧也,1:45.5,1,5-6-5-5,34.8,496(-2),[東] 牧光二,https://db.netkeiba.com/race/202506020211/
202506020211,第99回中山記念(GII),9,9,9,マテンロウスカイ,202506020211|9|マテンロウスカイ,5,セ6,58,横山典弘,1:45.6,クビ,6-7-8-10,34.7,482(-4),[西] 松永幹夫,https://db.netkeiba.com/race/202506020211/
202506020211,第99回中山記念(GII),10,10,6,カラテ,202506020211|6|カラテ,3,牡9,57,菅原明良,1:45.7,3/4,14-14-15-14,34.2,532(-6),[西] 音無秀孝,https://db.netkeiba.com/race/202506020211/
202506020211,第99回中山記念(GII),11,11,15,サイルーン,202506020211|15|サイルーン,8,セ6,57,キング,1:45.7,クビ,11-11-13-13,34.5,486(+14),[東] 堀宣行,https://db.netkeiba.com/race/202506020211/
202506020211,第99回中山記念(GII),12,12,10,アルナシーム,202506020211|10|アルナシーム,5,牡6,57,藤岡佑介,1:45.9,3/4,9-9-11-10,34.8,448(-4),[西] 橋口慎介,https://db.netkeiba.com/race/202506020211/
202506020211,第99回中山記念(GII),13,13,12,ボッケリーニ,202506020211|12|ボッケリーニ,6,牡9,57,浜中俊,1:45.9,1/2,2-3-3-3,35.4,466(-8),[西] 池江泰寿,https://db.netkeiba.com/race/202506020211/
202506020211,第99回中山記念(GII),14,14,13,グラティアス,202506020211|13|グラティアス,7,牡7,57,横山和生,1:45.9,ハナ,2-2-2-2,35.7,508(+2),[西] 安田翔伍,https://db.netkeiba.com/race/202506020211/
202506020211,第99回中山記念(GII),15,15,2,リフレーミング,202506020211|2|リフレーミング,1,牡7,57,内田博幸,1:46.0,1/2,16-16-16-16,34.3,480(+14),[西] 鮫島一歩,https://db.netkeiba.com/race/202506020211/
202506020211,第99回中山記念(GII),16,16,14,パラレルヴィジョン,202506020211|14|パラレルヴィジョン,7,牡6,57,戸崎圭太,1:46.4,2.1/2,13-13-3-5,35.9,488(-4),[東] 国枝栄,https://db.netkeiba.com/race/202506020211/
202506030111,第73回日経賞(GII),1,1,8,マイネルエンペラー,202506030111|8|マイネルエンペラー,5,牡5,57,丹内祐次,2:36.1,,3-3-3-2,37.0,488(+2),[西] 清水久詞,https://db.netkeiba.com/race/202506030111/
202506030111,第73回日経賞(GII),2,2,6,チャックネイト,202506030111|6|チャックネイト,4,セ7,57,モレイラ,2:36.1,クビ,8-8-8-7,36.5,494(-4),[東] 堀宣行,https://db.netkeiba.com/race/202506030111/
202506030111,第73回日経賞(GII),3,3,7,アーバンシック,202506030111|7|アーバンシック,4,牡4,58,ルメール,2:36.2,クビ,9-10-8-7,36.6,514(-2),[東] 武井亮,https://db.netkeiba.com/race/202506030111/
202506030111,第73回日経賞(GII),4,4,15,リビアングラス,202506030111|15|リビアングラス,8,牡5,57,松山弘平,2:36.2,クビ,2-2-2-2,37.2,494(-6),[西] 矢作芳人,https://db.netkeiba.com/race/202506030111/
202506030111,第73回日経賞(GII),5,5,11,マイネルクリソーラ,202506030111|11|マイネルクリソーラ,6,牡6,57,菅原明良,2:36.2,アタマ,11-13-11-10,36.4,464(+2),[東] 手塚貴久,https://db.netkeiba.com/race/202506030111/
202506030111,第73回日経賞(GII),6,6,5,ヴェルミセル,202506030111|5|ヴェルミセル,3,牝5,55,津村明秀,2:36.3,1/2,11-11-11-10,36.5,458(-8),[西] 吉村圭司,https://db.netkeiba.com/race/202506030111/
202506030111,第73回日経賞(GII),7,7,3,マイネルウィルトス,202506030111|3|マイネルウィルトス,2,牡9,57,横山武史,2:36.4,クビ,5-5-5-4,37.1,484(-2),[西] 宮徹,https://db.netkeiba.com/race/202506030111/
202506030111,第73回日経賞(GII),8,8,2,マテンロウレオ,202506030111|2|マテンロウレオ,2,牡6,57,横山典弘,2:36.5,1/2,3-3-3-4,37.4,478(-2),[西] 昆貢,https://db.netkeiba.com/race/202506030111/
202506030111,第73回日経賞(GII),9,9,1,アラタ,202506030111|1|アラタ,1,牡8,57,大野拓弥,2:36.5,アタマ,6-6-7-7,37.1,482(-4),[東] 和田勇介,https://db.netkeiba.com/race/202506030111/
202506030111,第73回日経賞(GII),10,10,9,ハヤヤッコ,202506030111|9|ハヤヤッコ,5,牡9,58,吉田豊,2:36.5,ハナ,11-11-13-10,36.6,482(-10),[東] 国枝栄,https://db.netkeiba.com/race/202506030111/
202506030111,第73回日経賞(GII),11,11,14,バビット,202506030111|14|バビット,8,牡8,57,戸崎圭太,2:36.5,ハナ,1-1-1-1,37.6,472(-4),[西] 浜田多実,https://db.netkeiba.com/race/202506030111/
202506030111,第73回日経賞(GII),12,12,13,シュヴァリエローズ,202506030111|13|シュヴァリエローズ,7,牡7,58,北村友一,2:36.6,クビ,14-14-14-14,36.5,466(+4),[西] 清水久詞,https://db.netkeiba.com/race/202506030111/
202506030111,第73回日経賞(GII),13,13,12,ホウオウノーサイド,202506030111|12|ホウオウノーサイド,7,牡6,57,杉原誠人,2:36.8,1.1/4,14-14-15-14,36.5,486(+4),[東] 奥村武,https://db.netkeiba.com/race/202506030111/
202506030111,第73回日経賞(GII),14,14,10,ブレイヴロッカー,202506030111|10|ブレイヴロッカー,6,牡5,57,石橋脩,2:36.8,ハナ,6-6-5-6,37.5,462(-2),[西] 本田優,https://db.netkeiba.com/race/202506030111/
202506030111,第73回日経賞(GII),15,15,4,マキシ,202506030111|4|マキシ,3,牡5,57,三浦皇成,2:36.8,アタマ,9-8-8-10,37.1,500(-14),[西] 辻野泰之,https://db.netkeiba.com/race/202506030111/
202501010811,第61回札幌記念(GII),1,1,9,トップナイフ,202501010811|9|トップナイフ,5,牡5,58,横山典弘,2:01.5,,12-11-5-3,36.2,484(-8),[西] 昆貢,https://db.netkeiba.com/race/202501010811/
202501010811,第61回札幌記念(GII),2,2,15,ココナッツブラウン,202501010811|15|ココナッツブラウン,8,牝5,56,北村友一,2:01.7,1,11-11-12-10,35.5,460(-10),[西] 上村洋行,https://db.netkeiba.com/race/202501010811/
202501010811,第61回札幌記念(GII),3,3,14,アラタ,202501010811|14|アラタ,7,牡8,58,浜中俊,2:01.8,3/4,14-14-14-10,35.0,472(+4),[東] 和田勇介,https://db.netkeiba.com/race/202501010811/
202501010811,第61回札幌記念(GII),4,4,6,ケイアイセナ,202501010811|6|ケイアイセナ,3,牡6,58,吉田隼人,2:01.8,ハナ,2-2-2-1,37.0,470(-12),[西] 平田修,https://db.netkeiba.com/race/202501010811/
202501010811,第61回札幌記念(GII),5,5,10,ヴェローチェエラ,202501010811|10|ヴェローチェエラ,5,牡4,58,佐々木大,2:01.9,1/2,15-16-14-13,35.1,500(+4),[西] 須貝尚介,https://db.netkeiba.com/race/202501010811/
202501010811,第61回札幌記念(GII),6,6,1,リビアングラス,202501010811|1|リビアングラス,1,牡5,58,鮫島克駿,2:02.2,1.1/2,4-5-6-6,36.8,496(-4),[西] 矢作芳人,https://db.netkeiba.com/race/202501010811/
202501010811,第61回札幌記念(GII),7,7,3,シュトルーヴェ,202501010811|3|シュトルーヴェ,2,セ6,58,キング,2:02.3,1/2,9-9-10-10,36.4,478(-4),[東] 堀宣行,https://db.netkeiba.com/race/202501010811/
202501010811,第61回札幌記念(GII),7,7,5,ホウオウビスケッツ,202501010811|5|ホウオウビスケッツ,3,牡5,58,岩田康誠,2:02.3,同着,3-3-3-3,37.1,514(+12),[東] 奥村武,https://db.netkeiba.com/race/202501010811/
202501010811,第61回札幌記念(GII),9,9,2,ボーンディスウェイ,202501010811|2|ボーンディスウェイ,1,牡6,58,木幡巧也,2:02.4,3/4,7-7-8-7,36.7,496(-2),[東] 牧光二,https://db.netkeiba.com/race/202501010811/
202501010811,第61回札幌記念(GII),10,10,4,コスモキュランダ,202501010811|4|コスモキュランダ,2,牡4,58,丹内祐次,2:02.6,1.1/2,12-13-13-13,36.1,498(-6),[東] 加藤士津,https://db.netkeiba.com/race/202501010811/
202501010811,第61回札幌記念(GII),11,11,12,アルナシーム,202501010811|12|アルナシーム,6,牡6,58,藤岡佑介,2:02.6,アタマ,9-9-10-9,36.7,448(-4),[西] 橋口慎介,https://db.netkeiba.com/race/202501010811/
202501010811,第61回札幌記念(GII),12,12,7,ハヤテノフクノスケ,202501010811|7|ハヤテノフクノスケ,4,牡4,58,横山和生,2:02.7,クビ,6-5-3-3,37.5,534(+2),[西] 中村直也,https://db.netkeiba.com/race/202501010811/
202501010811,第61回札幌記念(GII),13,13,13,アウスヴァール,202501010811|13|アウスヴァール,7,セ7,58,古川吉洋,2:03.0,1.3/4,1-1-1-2,38.4,488(+2),[西] 昆貢,https://db.netkeiba.com/race/202501010811/
202501010811,第61回札幌記念(GII),14,14,16,シュヴァリエローズ,202501010811|16|シュヴァリエローズ,8,牡7,58,武豊,2:03.3,1.3/4,16-14-14-16,36.6,462(-4),[西] 清水久詞,https://db.netkeiba.com/race/202501010811/
202501010811,第61回札幌記念(GII),15,15,8,ステレンボッシュ,202501010811|8|ステレンボッシュ,4,牝4,56,池添謙一,2:03.4,3/4,7-7-8-7,37.7,472(+4),[東] 国枝栄,https://db.netkeiba.com/race/202501010811/
202501010811,第61回札幌記念(GII),16,16,11,ショウナンアデイブ,202501010811|11|ショウナンアデイブ,6,牡6,58,荻野琢真,2:05.5,大,4-4-6-13,40.0,516(+4),[西] 高野友和,https://db.netkeiba.com/race/202501010811/
202505040211,第76回毎日王冠(GII),1,1,9,レーベンスティール,202505040211|9|レーベンスティール,7,牡5,57,津村明秀,1:44.0,,3-3-3,33.3,484(0),[東] 田中博康,https://db.netkeiba.com/race/202505040211/
202505040211,第76回毎日王冠(GII),2,2,8,ホウオウビスケッツ,202505040211|8|ホウオウビスケッツ,7,牡5,57,岩田康誠,1:44.1,1/2,1-1-1,33.8,508(-6),[東] 奥村武,https://db.netkeiba.com/race/202505040211/
202505040211,第76回毎日王冠(GII),3,3,10,サトノシャイニング,202505040211|10|サトノシャイニング,8,牡3,55,武豊,1:44.2,3/4,2-2-2,33.7,498(+2),[西] 杉山晴紀,https://db.netkeiba.com/race/202505040211/
202505040211,第76回毎日王冠(GII),4,4,3,ディマイザキッド,202505040211|3|ディマイザキッド,3,牡4,57,岩田望来,1:44.4,1.1/2,10-10-9,33.2,464(+4),[東] 清水英克,https://db.netkeiba.com/race/202505040211/
202505040211,第76回毎日王冠(GII),5,5,2,エルトンバローズ,202505040211|2|エルトンバローズ,2,牡5,57,西村淳也,1:44.5,1/2,5-3-3,33.8,516(-4),[西] 杉山晴紀,https://db.netkeiba.com/race/202505040211/
202505040211,第76回毎日王冠(GII),6,6,5,ジェイパームス,202505040211|5|ジェイパームス,5,セ5,57,佐々木大,1:44.6,3/4,7-6-6,33.6,510(0),[東] 堀宣行,https://db.netkeiba.com/race/202505040211/
202505040211,第76回毎日王冠(GII),7,7,6,チェルヴィニア,202505040211|6|チェルヴィニア,6,牝4,56,戸崎圭太,1:44.7,クビ,7-6-6,33.8,500(+16),[東] 木村哲也,https://db.netkeiba.com/race/202505040211/
202505040211,第76回毎日王冠(GII),8,8,1,ロングラン,202505040211|1|ロングラン,1,セ7,58,丹内祐次,1:44.7,クビ,10-11-11,33.3,490(+14),[東] 和田勇介,https://db.netkeiba.com/race/202505040211/
202505040211,第76回毎日王冠(GII),9,9,7,シルトホルン,202505040211|7|シルトホルン,6,牡5,57,大野拓弥,1:44.8,3/4,6-6-6,33.9,464(-14),[東] 新開幸一,https://db.netkeiba.com/race/202505040211/
202505040211,第76回毎日王冠(GII),10,10,4,ラファドゥラ,202505040211|4|ラファドゥラ,4,牝5,55,菅原明良,1:44.9,1/2,7-9-9,33.8,496(+6),[東] 小島茂之,https://db.netkeiba.com/race/202505040211/
202505040211,第76回毎日王冠(GII),11,11,11,シリウスコルト,202505040211|11|シリウスコルト,8,牡4,57,古川吉洋,1:45.2,1.3/4,3-3-3,34.5,496(+6),[東] 田中勝春,https://db.netkeiba.com/race/202505040211/
202508030211,第60回京都大賞典(GII),1,1,3,ディープモンスター,202508030211|3|ディープモンスター,2,牡7,57,浜中俊,2:23.9,,6-5-7-7,34.4,466(0),[西] 池江泰寿,https://db.netkeiba.com/race/202508030211/
202508030211,第60回京都大賞典(GII),2,2,5,サンライズアース,202508030211|5|サンライズアース,3,牡4,58,池添謙一,2:24.0,1/2,1-1-1-1,35.0,534(+4),[西] 石坂公一,https://db.netkeiba.com/race/202508030211/
202508030211,第60回京都大賞典(GII),3,3,8,ヴェルミセル,202508030211|8|ヴェルミセル,4,牝5,55,鮫島克駿,2:24.1,クビ,12-12-11-11,34.3,468(+4),[西] 吉村圭司,https://db.netkeiba.com/race/202508030211/
202508030211,第60回京都大賞典(GII),4,4,4,アドマイヤテラ,202508030211|4|アドマイヤテラ,2,牡4,58,川田将雅,2:24.2,1/2,6-7-6-3,34.8,496(+2),[西] 友道康夫,https://db.netkeiba.com/race/202508030211/
202508030211,第60回京都大賞典(GII),5,5,18,ショウナンラプンタ,202508030211|18|ショウナンラプンタ,8,牡4,57,松山弘平,2:24.2,クビ,16-17-13-9,34.5,542(-2),[西] 高野友和,https://db.netkeiba.com/race/202508030211/
202508030211,第60回京都大賞典(GII),6,6,17,アルナシーム,202508030211|17|アルナシーム,8,牡6,57,藤岡佑介,2:24.3,1/2,3-3-7-7,34.8,446(-2),[西] 橋口慎介,https://db.netkeiba.com/race/202508030211/
202508030211,第60回京都大賞典(GII),7,7,11,ヴェルテンベルク,202508030211|11|ヴェルテンベルク,6,牡5,57,松若風馬,2:24.4,1/2,12-12-15-14,34.5,486(+4),[西] 宮本博,https://db.netkeiba.com/race/202508030211/
202508030211,第60回京都大賞典(GII),8,8,7,ドゥレッツァ,202508030211|7|ドゥレッツァ,4,牡5,58,横山武史,2:24.5,クビ,8-8-2-2,35.4,478(+10),[東] 尾関知人,https://db.netkeiba.com/race/202508030211/
202508030211,第60回京都大賞典(GII),9,9,1,サンライズソレイユ,202508030211|1|サンライズソレイユ,1,牡4,57,坂井瑠星,2:24.5,ハナ,4-3-3-3,35.2,522(0),[西] 矢作芳人,https://db.netkeiba.com/race/202508030211/
202508030211,第60回京都大賞典(GII),10,10,16,ボルドグフーシュ,202508030211|16|ボルドグフーシュ,8,牡6,57,内田博幸,2:24.5,クビ,15-15-13-14,34.7,510(+6),[西] 宮本博,https://db.netkeiba.com/race/202508030211/
202508030211,第60回京都大賞典(GII),11,11,2,カネフラ,202508030211|2|カネフラ,1,牡5,57,団野大成,2:24.7,1,16-15-15-14,34.7,448(0),[西] 高橋康之,https://db.netkeiba.com/race/202508030211/
202508030211,第60回京都大賞典(GII),12,12,15,ジューンテイク,202508030211|15|ジューンテイク,7,牡4,57,菱田裕二,2:24.8,1,14-14-17-18,34.8,490(-14),[西] 武英智,https://db.netkeiba.com/race/202508030211/
202508030211,第60回京都大賞典(GII),13,13,10,ブレイヴロッカー,202508030211|10|ブレイヴロッカー,5,セ5,57,太宰啓介,2:24.8,クビ,10-9-9-9,35.2,466(-6),[西] 本田優,https://db.netkeiba.com/race/202508030211/
202508030211,第60回京都大賞典(GII),14,14,13,メイショウブレゲ,202508030211|13|メイショウブレゲ,7,牡6,57,酒井学,2:24.9,クビ,18-17-18-14,34.9,474(+4),[西] 本田優,https://db.netkeiba.com/race/202508030211/
202508030211,第60回京都大賞典(GII),15,15,6,プラダリア,202508030211|6|プラダリア,3,牡6,57,高杉吏麒,2:25.0,1,2-2-3-3,35.7,468(-2),[西] 池添学,https://db.netkeiba.com/race/202508030211/
202508030211,第60回京都大賞典(GII),16,16,14,サブマリーナ,202508030211|14|サブマリーナ,7,牡4,57,横山和生,2:25.1,クビ,5-5-3-3,35.9,478(-2),[西] 庄野靖志,https://db.netkeiba.com/race/202508030211/
202508030211,第60回京都大賞典(GII),17,17,9,ミクソロジー,202508030211|9|ミクソロジー,5,セ6,57,斎藤新,2:25.3,1.1/4,11-9-11-11,35.5,434(-10),[西] 辻野泰之,https://db.netkeiba.com/race/202508030211/
202508030211,第60回京都大賞典(GII),18,18,12,ワープスピード,202508030211|12|ワープスピード,6,牡6,57,吉村誠之,2:27.2,大,8-9-9-11,37.6,498(-10),[東] 高木登,https://db.netkeiba.com/race/202508030211/
202505040611,第28回富士S(GII),1,1,11,ガイアフォース,202505040611|11|ガイアフォース,7,牡6,57,横山武史,1:31.7,,2-2,33.3,496(+2),[西] 杉山晴紀,https://db.netkeiba.com/race/202505040611/
202505040611,第28回富士S(GII),2,2,14,ジャンタルマンタル,202505040611|14|ジャンタルマンタル,8,牡4,59,川田将雅,1:31.8,1/2,2-3,33.3,506(+8),[西] 高野友和,https://db.netkeiba.com/race/202505040611/
202505040611,第28回富士S(GII),3,3,6,ソウルラッシュ,202505040611|6|ソウルラッシュ,4,牡7,59,団野大成,1:32.1,1.3/4,5-5,33.4,514(+2),[西] 池江泰寿,https://db.netkeiba.com/race/202505040611/
202505040611,第28回富士S(GII),4,4,8,ジュンブロッサム,202505040611|8|ジュンブロッサム,5,牡6,58,石川裕紀,1:32.1,クビ,12-11,32.8,470(-4),[西] 友道康夫,https://db.netkeiba.com/race/202505040611/
202505040611,第28回富士S(GII),5,5,4,ウンブライル,202505040611|4|ウンブライル,3,牝5,55,ルメール,1:32.1,クビ,8-7,33.2,492(+12),[東] 木村哲也,https://db.netkeiba.com/race/202505040611/
202505040611,第28回富士S(GII),6,6,9,キープカルム,202505040611|9|キープカルム,6,牡4,57,坂井瑠星,1:32.3,1,8-9,33.3,488(-8),[西] 中竹和也,https://db.netkeiba.com/race/202505040611/
202505040611,第28回富士S(GII),7,7,13,ファーヴェント,202505040611|13|ファーヴェント,8,牡4,57,佐々木大,1:32.5,1,5-5,33.7,508(-2),[西] 藤原英昭,https://db.netkeiba.com/race/202505040611/
202505040611,第28回富士S(GII),8,8,12,シャンパンカラー,202505040611|12|シャンパンカラー,7,牡5,58,戸崎圭太,1:32.5,アタマ,14-13,33.1,516(+2),[東] 田中剛,https://db.netkeiba.com/race/202505040611/
202505040611,第28回富士S(GII),9,9,2,ウォーターリヒト,202505040611|2|ウォーターリヒト,2,牡4,57,菅原明良,1:32.5,アタマ,13-13,33.0,462(-6),[西] 石橋守,https://db.netkeiba.com/race/202505040611/
202505040611,第28回富士S(GII),10,10,1,マジックサンズ,202505040611|1|マジックサンズ,1,牡3,55,武豊,1:32.9,2.1/2,7-7,34.0,520(+6),[西] 須貝尚介,https://db.netkeiba.com/race/202505040611/
202505040611,第28回富士S(GII),11,11,7,ニシノスーベニア,202505040611|7|ニシノスーベニア,5,牡6,57,大野拓弥,1:33.0,3/4,10-10,33.8,530(+8),[東] 上原博之,https://db.netkeiba.com/race/202505040611/
202505040611,第28回富士S(GII),12,12,5,レイベリング,202505040611|5|レイベリング,4,牡5,57,津村明秀,1:33.1,1/2,4-3,34.6,484(+2),[東] 鹿戸雄一,https://db.netkeiba.com/race/202505040611/
202505040611,第28回富士S(GII),13,13,10,グリューネグリーン,202505040611|10|グリューネグリーン,6,牡5,57,石橋脩,1:33.2,1/2,1-1,34.9,490(-12),[東] 相沢郁,https://db.netkeiba.com/race/202505040611/
202505040611,第28回富士S(GII),14,14,3,シャイニーロック,202505040611|3|シャイニーロック,3,牡9,57,山本聡哉,1:33.9,4,10-11,34.6,502(-7),[地] 佐々木由,https://db.netkeiba.com/race/202505040611/
202505010811,第42回フェブラリーS(GI),1,1,9,コスタノヴァ,202505010811|9|コスタノヴァ,5,牡5,58,キング,1:35.5,,4-5,35.6,494(-2),[東] 木村哲也,https://db.netkeiba.com/race/202505010811/
202505010811,第42回フェブラリーS(GI),2,2,12,サンライズジパング,202505010811|12|サンライズジパング,6,牡4,58,幸英明,1:35.7,3/4,13-12,35.2,526(+2),[西] 音無秀孝,https://db.netkeiba.com/race/202505010811/
202505010811,第42回フェブラリーS(GI),3,3,14,ミッキーファイト,202505010811|14|ミッキーファイト,7,牡4,58,戸崎圭太,1:35.9,1.1/4,7-7,35.8,550(-5),[東] 田中博康,https://db.netkeiba.com/race/202505010811/
202505010811,第42回フェブラリーS(GI),4,4,11,ペプチドナイル,202505010811|11|ペプチドナイル,6,牡7,58,藤岡佑介,1:35.9,クビ,7-7,35.8,532(-2),[西] 武英智,https://db.netkeiba.com/race/202505010811/
202505010811,第42回フェブラリーS(GI),5,5,1,エンペラーワケア,202505010811|1|エンペラーワケア,1,牡5,58,横山武史,1:36.0,1/2,4-4,36.2,550(+12),[西] 杉山晴紀,https://db.netkeiba.com/race/202505010811/
202505010811,第42回フェブラリーS(GI),6,6,6,メイショウハリオ,202505010811|6|メイショウハリオ,3,牡8,58,浜中俊,1:36.3,1.1/2,15-15,35.5,508(+7),[西] 岡田稲男,https://db.netkeiba.com/race/202505010811/
202505010811,第42回フェブラリーS(GI),7,7,15,ガイアフォース,202505010811|15|ガイアフォース,8,牡6,58,長岡禎仁,1:36.5,1.1/4,11-12,35.9,498(+2),[西] 杉山晴紀,https://db.netkeiba.com/race/202505010811/
202505010811,第42回フェブラリーS(GI),8,8,2,タガノビューティー,202505010811|2|タガノビューティー,1,牡8,58,石橋脩,1:36.6,1/2,11-10,36.3,520(-2),[西] 西園正都,https://db.netkeiba.com/race/202505010811/
202505010811,第42回フェブラリーS(GI),9,9,5,アーテルアストレア,202505010811|5|アーテルアストレア,3,牝6,56,横山典弘,1:36.6,アタマ,16-16,35.6,480(+4),[西] 橋口慎介,https://db.netkeiba.com/race/202505010811/
202505010811,第42回フェブラリーS(GI),10,10,7,サンデーファンデー,202505010811|7|サンデーファンデー,4,牡5,58,鮫島克駿,1:36.8,1.1/4,2-2,37.1,536(+10),[西] 音無秀孝,https://db.netkeiba.com/race/202505010811/
202505010811,第42回フェブラリーS(GI),11,11,8,ドゥラエレーデ,202505010811|8|ドゥラエレーデ,4,牡5,58,横山和生,1:37.1,2,7-7,37.0,514(-2),[西] 池添学,https://db.netkeiba.com/race/202505010811/
202505010811,第42回フェブラリーS(GI),11,11,16,ヘリオス,202505010811|16|ヘリオス,8,セ9,58,原優介,1:37.1,同着,13-12,36.5,476(-6),[地] 工藤真司,https://db.netkeiba.com/race/202505010811/
202505010811,第42回フェブラリーS(GI),13,13,4,ウィリアムバローズ,202505010811|4|ウィリアムバローズ,2,牡7,58,岩田望来,1:37.4,1.3/4,2-2,37.8,490(-4),[西] 上村洋行,https://db.netkeiba.com/race/202505010811/
202505010811,第42回フェブラリーS(GI),14,14,13,デルマソトガケ,202505010811|13|デルマソトガケ,7,牡5,58,松若風馬,1:37.9,3.1/2,7-10,37.5,528(+1),[西] 音無秀孝,https://db.netkeiba.com/race/202505010811/
202505010811,第42回フェブラリーS(GI),15,15,3,ミトノオー,202505010811|3|ミトノオー,2,牡5,58,田辺裕信,1:38.3,2.1/2,1-1,38.9,518(+4),[東] 牧光二,https://db.netkeiba.com/race/202505010811/
202505010811,第42回フェブラリーS(GI),16,16,10,アンモシエラ,202505010811|10|アンモシエラ,5,牝4,56,吉田豊,1:38.4,1/2,4-5,38.5,504(+5),[西] 松永幹夫,https://db.netkeiba.com/race/202505010811/
202509020411,第69回大阪杯(GI),1,1,5,ベラジオオペラ,202509020411|5|ベラジオオペラ,3,牡5,58,横山和生,1:56.2,,4-4-3-3,34.1,508(-4),[西] 上村洋行,https://db.netkeiba.com/race/202509020411/
202509020411,第69回大阪杯(GI),2,2,13,ロードデルレイ,202509020411|13|ロードデルレイ,7,牡5,58,西村淳也,1:56.4,1,8-9-8-8,33.8,486(-4),[西] 中内田充,https://db.netkeiba.com/race/202509020411/
202509020411,第69回大阪杯(GI),3,3,7,ヨーホーレイク,202509020411|7|ヨーホーレイク,4,牡7,58,岩田望来,1:56.5,1,14-14-14-14,33.5,526(-8),[西] 友道康夫,https://db.netkeiba.com/race/202509020411/
202509020411,第69回大阪杯(GI),4,4,14,エコロヴァルツ,202509020411|14|エコロヴァルツ,8,牡4,58,Ｍ．デム,1:56.5,ハナ,8-8-10-10,33.8,492(+4),[西] 牧浦充徳,https://db.netkeiba.com/race/202509020411/
202509020411,第69回大阪杯(GI),5,5,2,ホウオウビスケッツ,202509020411|2|ホウオウビスケッツ,2,牡5,58,岩田康誠,1:56.6,クビ,2-2-2-2,34.8,502(-2),[東] 奥村武,https://db.netkeiba.com/race/202509020411/
202509020411,第69回大阪杯(GI),6,6,6,ジャスティンパレス,202509020411|6|ジャスティンパレス,4,牡6,58,鮫島克駿,1:56.6,クビ,7-7-7-6,34.2,474(+6),[西] 杉山晴紀,https://db.netkeiba.com/race/202509020411/
202509020411,第69回大阪杯(GI),7,7,10,シックスペンス,202509020411|10|シックスペンス,6,牡4,58,横山武史,1:56.6,ハナ,3-3-3-3,34.6,500(-12),[東] 国枝栄,https://db.netkeiba.com/race/202509020411/
202509020411,第69回大阪杯(GI),8,8,1,ボルドグフーシュ,202509020411|1|ボルドグフーシュ,1,牡6,58,吉田隼人,1:56.8,1.1/4,12-11-11-12,34.0,510(+4),[西] 宮本博,https://db.netkeiba.com/race/202509020411/
202509020411,第69回大阪杯(GI),8,8,9,コスモキュランダ,202509020411|9|コスモキュランダ,5,牡4,58,丹内祐次,1:56.8,同着,5-6-5-5,34.6,504(-6),[東] 加藤士津,https://db.netkeiba.com/race/202509020411/
202509020411,第69回大阪杯(GI),10,10,4,ソールオリエンス,202509020411|4|ソールオリエンス,3,牡5,58,松山弘平,1:56.9,1/2,15-15-15-15,33.5,466(-6),[東] 手塚貴久,https://db.netkeiba.com/race/202509020411/
202509020411,第69回大阪杯(GI),11,11,3,ラヴェル,202509020411|3|ラヴェル,2,牝5,56,北村友一,1:56.9,ハナ,8-9-8-8,34.4,478(-2),[西] 矢作芳人,https://db.netkeiba.com/race/202509020411/
202509020411,第69回大阪杯(GI),12,12,8,カラテ,202509020411|8|カラテ,5,牡9,58,和田竜二,1:57.1,3/4,12-11-13-12,34.2,542(+10),[西] 東田明士,https://db.netkeiba.com/race/202509020411/
202509020411,第69回大阪杯(GI),13,13,12,ステレンボッシュ,202509020411|12|ステレンボッシュ,7,牝4,56,モレイラ,1:57.3,1.1/2,11-11-11-10,34.5,460(-4),[東] 国枝栄,https://db.netkeiba.com/race/202509020411/
202509020411,第69回大阪杯(GI),14,14,11,デシエルト,202509020411|11|デシエルト,6,牡6,58,池添謙一,1:57.7,2.1/2,1-1-1-1,36.6,540(+4),[西] 安田翔伍,https://db.netkeiba.com/race/202509020411/
202509020411,第69回大阪杯(GI),15,15,15,アルナシーム,202509020411|15|アルナシーム,8,牡6,58,横山典弘,1:58.3,4,5-4-5-6,36.1,446(-2),[西] 橋口慎介,https://db.netkeiba.com/race/202509020411/
202508020411,第171回天皇賞(春)(GI),1,1,6,ヘデントール,202508020411|6|ヘデントール,4,牡4,58,レーン,3:14.0,,6-7-6-5,35.3,478(-4),[東] 木村哲也,https://db.netkeiba.com/race/202508020411/
202508020411,第171回天皇賞(春)(GI),2,2,14,ビザンチンドリーム,202508020411|14|ビザンチンドリーム,8,牡4,58,シュタル,3:14.0,アタマ,14-14-12-8,34.9,454(0),[西] 坂口智康,https://db.netkeiba.com/race/202508020411/
202508020411,第171回天皇賞(春)(GI),3,3,8,ショウナンラプンタ,202508020411|8|ショウナンラプンタ,5,牡4,58,武豊,3:14.5,3,8-8-6-3,36.0,542(0),[西] 高野友和,https://db.netkeiba.com/race/202508020411/
202508020411,第171回天皇賞(春)(GI),4,4,5,サンライズアース,202508020411|5|サンライズアース,3,牡4,58,池添謙一,3:14.8,2,4-3-2-2,36.4,530(+4),[西] 石坂公一,https://db.netkeiba.com/race/202508020411/
202508020411,第171回天皇賞(春)(GI),5,5,11,マイネルエンペラー,202508020411|11|マイネルエンペラー,6,牡5,58,丹内祐次,3:15.0,1.1/4,2-2-1-1,36.7,488(0),[西] 清水久詞,https://db.netkeiba.com/race/202508020411/
202508020411,第171回天皇賞(春)(GI),6,6,13,ジャスティンパレス,202508020411|13|ジャスティンパレス,7,牡6,58,鮫島克駿,3:15.1,クビ,12-12-3-3,36.6,474(0),[西] 杉山晴紀,https://db.netkeiba.com/race/202508020411/
202508020411,第171回天皇賞(春)(GI),7,7,9,シュヴァリエローズ,202508020411|9|シュヴァリエローズ,5,牡7,58,北村友一,3:15.7,3.1/2,11-10-9-8,36.9,468(+2),[西] 清水久詞,https://db.netkeiba.com/race/202508020411/
202508020411,第171回天皇賞(春)(GI),8,8,3,ブローザホーン,202508020411|3|ブローザホーン,2,牡6,58,菅原明良,3:15.9,1,9-8-9-8,37.0,434(0),[西] 吉岡辰弥,https://db.netkeiba.com/race/202508020411/
202508020411,第171回天皇賞(春)(GI),9,9,12,ワープスピード,202508020411|12|ワープスピード,7,牡6,58,横山和生,3:17.0,7,14-14-14-11,37.1,508(+2),[東] 高木登,https://db.netkeiba.com/race/202508020411/
202508020411,第171回天皇賞(春)(GI),10,10,7,プラダリア,202508020411|7|プラダリア,4,牡6,58,松山弘平,3:17.1,1,2-3-3-5,38.6,476(+2),[西] 池添学,https://db.netkeiba.com/race/202508020411/
202508020411,第171回天皇賞(春)(GI),11,11,15,ハヤテノフクノスケ,202508020411|15|ハヤテノフクノスケ,8,牡4,58,岩田望来,3:17.5,2.1/2,6-6-3-5,38.9,536(-4),[西] 中村直也,https://db.netkeiba.com/race/202508020411/
202508020411,第171回天皇賞(春)(GI),12,12,2,ウインエアフォルク,202508020411|2|ウインエアフォルク,2,牡8,58,幸英明,3:20.0,大,12-12-15-15,37.6,484(+4),[東] 根本康広,https://db.netkeiba.com/race/202508020411/
202508020411,第171回天皇賞(春)(GI),13,13,10,リミットバスター,202508020411|10|リミットバスター,6,牡5,58,岩田康誠,3:20.3,1.1/2,9-10-13-11,40.5,524(0),[西] 杉山晴紀,https://db.netkeiba.com/race/202508020411/
202508020411,第171回天皇賞(春)(GI),14,14,4,ジャンカズマ,202508020411|4|ジャンカズマ,3,牡7,58,野中悠太,3:20.4,1/2,1-1-6-11,40.8,488(-4),[東] 西田雄一,https://db.netkeiba.com/race/202508020411/
202508020411,第171回天皇賞(春)(GI),15,15,1,アラタ,202508020411|1|アラタ,1,牡8,58,大野拓弥,3:20.4,アタマ,5-5-9-11,40.9,468(-14),[東] 和田勇介,https://db.netkeiba.com/race/202508020411/
202505030211,第75回安田記念(GI),1,1,10,ジャンタルマンタル,202505030211|10|ジャンタルマンタル,5,牡4,58,川田将雅,1:32.7,,3-3,34.2,498(-5),[西] 高野友和,https://db.netkeiba.com/race/202505030211/
202505030211,第75回安田記念(GI),2,2,7,ガイアフォース,202505030211|7|ガイアフォース,4,牡6,58,吉村誠之,1:32.9,1.1/2,8-8,33.9,494(+12),[西] 杉山晴紀,https://db.netkeiba.com/race/202505030211/
202505030211,第75回安田記念(GI),3,3,13,ソウルラッシュ,202505030211|13|ソウルラッシュ,7,牡7,58,浜中俊,1:33.0,クビ,12-12,33.9,512(0),[西] 池江泰寿,https://db.netkeiba.com/race/202505030211/
202505030211,第75回安田記念(GI),4,4,18,ブレイディヴェーグ,202505030211|18|ブレイディヴェーグ,8,牝5,56,戸崎圭太,1:33.0,クビ,8-8,34.1,470(0),[東] 宮田敬介,https://db.netkeiba.com/race/202505030211/
202505030211,第75回安田記念(GI),5,5,4,ウインマーベル,202505030211|4|ウインマーベル,2,牡6,58,松山弘平,1:33.1,クビ,1-2,34.7,484(0),[東] 深山雅史,https://db.netkeiba.com/race/202505030211/
202505030211,第75回安田記念(GI),6,6,9,シャンパンカラー,202505030211|9|シャンパンカラー,5,牡5,58,内田博幸,1:33.2,1/2,17-17,33.6,514(+2),[東] 田中剛,https://db.netkeiba.com/race/202505030211/
202505030211,第75回安田記念(GI),7,7,8,エコロヴァルツ,202505030211|8|エコロヴァルツ,4,牡4,58,Ｍ．デム,1:33.2,クビ,8-8,34.2,492(0),[西] 牧浦充徳,https://db.netkeiba.com/race/202505030211/
202505030211,第75回安田記念(GI),8,8,11,サクラトゥジュール,202505030211|11|サクラトゥジュール,6,セ8,58,レーン,1:33.2,ハナ,12-12,34.0,508(-8),[東] 堀宣行,https://db.netkeiba.com/race/202505030211/
202505030211,第75回安田記念(GI),9,9,14,ウォーターリヒト,202505030211|14|ウォーターリヒト,7,牡4,58,菅原明良,1:33.3,クビ,14-15,33.9,466(-2),[西] 石橋守,https://db.netkeiba.com/race/202505030211/
202505030211,第75回安田記念(GI),10,10,3,マッドクール,202505030211|3|マッドクール,2,牡6,58,坂井瑠星,1:33.3,ハナ,2-1,34.9,544(+4),[西] 池添学,https://db.netkeiba.com/race/202505030211/
202505030211,第75回安田記念(GI),11,11,17,ジュンブロッサム,202505030211|17|ジュンブロッサム,8,牡6,58,武豊,1:33.4,クビ,14-15,34.0,474(-8),[西] 友道康夫,https://db.netkeiba.com/race/202505030211/
202505030211,第75回安田記念(GI),12,12,1,シックスペンス,202505030211|1|シックスペンス,1,牡4,58,ルメール,1:33.4,クビ,4-4,34.7,504(+4),[東] 国枝栄,https://db.netkeiba.com/race/202505030211/
202505030211,第75回安田記念(GI),13,13,12,ロングラン,202505030211|12|ロングラン,6,セ7,58,岩田康誠,1:33.7,2,4-4,35.1,476(-2),[東] 和田勇介,https://db.netkeiba.com/race/202505030211/
202505030211,第75回安田記念(GI),14,14,2,ダディーズビビッド,202505030211|2|ダディーズビビッド,1,牡7,58,池添謙一,1:33.8,1/2,8-8,34.8,516(-2),[西] 千田輝彦,https://db.netkeiba.com/race/202505030211/
202505030211,第75回安田記念(GI),15,15,5,レッドモンレーヴ,202505030211|5|レッドモンレーヴ,3,牡6,58,ディー,1:33.9,クビ,6-4,35.2,524(0),[東] 蛯名正義,https://db.netkeiba.com/race/202505030211/
202505030211,第75回安田記念(GI),16,16,6,グラティアス,202505030211|6|グラティアス,3,牡7,58,横山和生,1:34.1,1,14-14,34.8,490(-4),[西] 安田翔伍,https://db.netkeiba.com/race/202505030211/
202505030211,第75回安田記念(GI),17,17,16,トロヴァトーレ,202505030211|16|トロヴァトーレ,8,牡4,58,横山武史,1:34.1,ハナ,6-7,35.3,498(-10),[東] 鹿戸雄一,https://db.netkeiba.com/race/202505030211/
202505030211,第75回安田記念(GI),18,18,15,ホウオウリアリティ,202505030211|15|ホウオウリアリティ,7,牡7,58,丹内祐次,1:34.1,クビ,17-17,34.6,474(-10),[西] 井上智史,https://db.netkeiba.com/race/202505030211/
202509030411,第66回宝塚記念(GI),1,1,12,メイショウタバル,202509030411|12|メイショウタバル,6,牡4,58,武豊,2:11.1,,1-1-1-1,36.0,504(0),[西] 石橋守,https://db.netkeiba.com/race/202509030411/
202509030411,第66回宝塚記念(GI),2,2,1,ベラジオオペラ,202509030411|1|ベラジオオペラ,1,牡5,58,横山和生,2:11.6,3,4-4-2-2,36.4,510(+2),[西] 上村洋行,https://db.netkeiba.com/race/202509030411/
202509030411,第66回宝塚記念(GI),3,3,7,ジャスティンパレス,202509030411|7|ジャスティンパレス,4,牡6,58,ディー,2:11.6,クビ,14-14-15-14,35.1,470(-4),[西] 杉山晴紀,https://db.netkeiba.com/race/202509030411/
202509030411,第66回宝塚記念(GI),4,4,16,ショウナンラプンタ,202509030411|16|ショウナンラプンタ,8,牡4,58,幸英明,2:11.8,3/4,11-11-9-7,35.9,544(+2),[西] 高野友和,https://db.netkeiba.com/race/202509030411/
202509030411,第66回宝塚記念(GI),5,5,5,チャックネイト,202509030411|5|チャックネイト,3,セ7,58,レーン,2:11.8,アタマ,12-11-12-10,35.8,484(-10),[東] 堀宣行,https://db.netkeiba.com/race/202509030411/
202509030411,第66回宝塚記念(GI),6,6,11,ソールオリエンス,202509030411|11|ソールオリエンス,6,牡5,58,松山弘平,2:12.1,1.3/4,17-17-17-16,35.2,468(+2),[東] 手塚貴久,https://db.netkeiba.com/race/202509030411/
202509030411,第66回宝塚記念(GI),7,7,10,リビアングラス,202509030411|10|リビアングラス,5,牡5,58,坂井瑠星,2:12.1,アタマ,2-2-4-3,36.8,500(+6),[西] 矢作芳人,https://db.netkeiba.com/race/202509030411/
202509030411,第66回宝塚記念(GI),8,8,15,ロードデルレイ,202509030411|15|ロードデルレイ,8,牡5,58,川田将雅,2:12.3,1.1/4,13-13-12-14,35.9,492(+6),[西] 中内田充,https://db.netkeiba.com/race/202509030411/
202509030411,第66回宝塚記念(GI),9,9,2,ドゥレッツァ,202509030411|2|ドゥレッツァ,1,牡5,58,横山武史,2:12.4,1/2,6-6-6-7,36.7,468(0),[東] 尾関知人,https://db.netkeiba.com/race/202509030411/
202509030411,第66回宝塚記念(GI),10,10,6,ボルドグフーシュ,202509030411|6|ボルドグフーシュ,3,牡6,58,内田博幸,2:12.4,クビ,9-10-11-10,36.2,504(-6),[西] 宮本博,https://db.netkeiba.com/race/202509030411/
202509030411,第66回宝塚記念(GI),11,11,17,レガレイラ,202509030411|17|レガレイラ,8,牝4,56,戸崎圭太,2:12.6,1.1/4,8-8-6-5,37.0,478(+10),[東] 木村哲也,https://db.netkeiba.com/race/202509030411/
202509030411,第66回宝塚記念(GI),12,12,8,シュヴァリエローズ,202509030411|8|シュヴァリエローズ,4,牡7,58,北村友一,2:12.9,1.1/2,16-16-16-16,36.2,466(-2),[西] 清水久詞,https://db.netkeiba.com/race/202509030411/
202509030411,第66回宝塚記念(GI),13,13,4,プラダリア,202509030411|4|プラダリア,2,牡6,58,高杉吏麒,2:13.4,3,4-5-6-7,37.7,470(-6),[西] 池添学,https://db.netkeiba.com/race/202509030411/
202509030411,第66回宝塚記念(GI),14,14,13,アーバンシック,202509030411|13|アーバンシック,7,牡4,58,ルメール,2:13.5,クビ,14-14-12-10,37.3,512(-2),[東] 武井亮,https://db.netkeiba.com/race/202509030411/
202509030411,第66回宝塚記念(GI),15,15,3,ローシャムパーク,202509030411|3|ローシャムパーク,2,牡6,58,菱田裕二,2:13.8,1.3/4,9-9-9-10,37.8,498(0),[東] 田中博康,https://db.netkeiba.com/race/202509030411/
202509030411,第66回宝塚記念(GI),16,16,14,ジューンテイク,202509030411|14|ジューンテイク,7,牡4,58,藤岡佑介,2:14.4,4,2-2-2-3,39.2,492(+4),[西] 武英智,https://db.netkeiba.com/race/202509030411/
202509030411,第66回宝塚記念(GI),17,17,9,ヨーホーレイク,202509030411|9|ヨーホーレイク,5,牡7,58,岩田望来,2:14.4,ハナ,6-6-5-5,38.9,526(0),[西] 友道康夫,https://db.netkeiba.com/race/202509030411/
202506040911,第59回スプリンターズS(GI),1,1,16,ウインカーネリアン,202506040911|16|ウインカーネリアン,8,牡8,58,三浦皇成,1:06.9,,2-2,33.0,514(+2),[東] 鹿戸雄一,https://db.netkeiba.com/race/202506040911/
202506040911,第59回スプリンターズS(GI),2,2,13,ジューンブレア,202506040911|13|ジューンブレア,7,牝4,56,武豊,1:06.9,アタマ,1-1,33.2,490(0),[西] 武英智,https://db.netkeiba.com/race/202506040911/
202506040911,第59回スプリンターズS(GI),3,3,6,ナムラクレア,202506040911|6|ナムラクレア,3,牝6,56,ルメール,1:07.2,1.1/2,11-9,32.7,478(0),[西] 長谷川浩,https://db.netkeiba.com/race/202506040911/
202506040911,第59回スプリンターズS(GI),4,4,7,サトノレーヴ,202506040911|7|サトノレーヴ,4,牡6,58,モレイラ,1:07.2,ハナ,6-7,33.0,538(0),[東] 堀宣行,https://db.netkeiba.com/race/202506040911/
202506040911,第59回スプリンターズS(GI),5,5,2,ヨシノイースター,202506040911|2|ヨシノイースター,1,牡7,58,内田博幸,1:07.3,クビ,6-7,33.1,486(-8),[西] 中尾秀正,https://db.netkeiba.com/race/202506040911/
202506040911,第59回スプリンターズS(GI),6,6,3,ダノンマッキンリー,202506040911|3|ダノンマッキンリー,2,牡4,58,横山典弘,1:07.3,ハナ,11-12,32.8,476(+19),[西] 藤原英昭,https://db.netkeiba.com/race/202506040911/
202506040911,第59回スプリンターズS(GI),6,6,4,ママコチャ,202506040911|4|ママコチャ,2,牝6,56,岩田望来,1:07.3,同着,5-5,33.2,500(+2),[西] 池江泰寿,https://db.netkeiba.com/race/202506040911/
202506040911,第59回スプリンターズS(GI),8,8,1,ピューロマジック,202506040911|1|ピューロマジック,1,牝4,56,松山弘平,1:07.4,1,3-3,33.4,462(+16),[西] 安田翔伍,https://db.netkeiba.com/race/202506040911/
202506040911,第59回スプリンターズS(GI),9,9,5,カンチェンジュンガ,202506040911|5|カンチェンジュンガ,3,牡5,58,坂井瑠星,1:07.6,1,13-14,32.8,490(-6),[西] 庄野靖志,https://db.netkeiba.com/race/202506040911/
202506040911,第59回スプリンターズS(GI),10,10,11,トウシンマカオ,202506040911|11|トウシンマカオ,6,牡6,58,横山武史,1:07.6,アタマ,3-3,33.6,480(+8),[東] 高柳瑞樹,https://db.netkeiba.com/race/202506040911/
202506040911,第59回スプリンターズS(GI),11,11,10,ラッキースワイネス,202506040911|10|ラッキースワイネス,5,セ7,58,リョン,1:07.7,クビ,9-11,33.3,524(-23),[外] マン,https://db.netkeiba.com/race/202506040911/
202506040911,第59回スプリンターズS(GI),12,12,15,ルガル,202506040911|15|ルガル,8,牡5,58,川田将雅,1:07.7,1/2,9-9,33.3,522(0),[西] 杉山晴紀,https://db.netkeiba.com/race/202506040911/
202506040911,第59回スプリンターズS(GI),13,13,8,ペアポルックス,202506040911|8|ペアポルックス,4,牡4,58,松若風馬,1:07.7,ハナ,16-14,32.8,472(-4),[西] 梅田智之,https://db.netkeiba.com/race/202506040911/
202506040911,第59回スプリンターズS(GI),14,14,9,ドロップオブライト,202506040911|9|ドロップオブライト,5,牝6,56,丹内祐次,1:07.8,3/4,13-12,33.1,448(+2),[西] 福永祐一,https://db.netkeiba.com/race/202506040911/
202506040911,第59回スプリンターズS(GI),15,15,12,ヤマニンアルリフラ,202506040911|12|ヤマニンアルリフラ,6,牡4,58,団野大成,1:08.2,2,13-14,33.4,498(+4),[西] 斉藤崇史,https://db.netkeiba.com/race/202506040911/
202506040911,第59回スプリンターズS(GI),16,16,14,カピリナ,202506040911|14|カピリナ,7,牝4,56,戸崎圭太,1:08.2,1/2,6-5,34.0,480(+6),[東] 田島俊明,https://db.netkeiba.com/race/202506040911/
202505041111,第172回天皇賞(秋)(GI),1,1,7,マスカレードボール,202505041111|7|マスカレードボール,5,牡3,56,ルメール,1:58.6,,9-6-8,32.3,470(+4),[東] 手塚貴久,https://db.netkeiba.com/race/202505041111/
202505041111,第172回天皇賞(秋)(GI),2,2,9,ミュージアムマイル,202505041111|9|ミュージアムマイル,6,牡3,56,Ｃ．デム,1:58.7,3/4,9-9-9,32.3,500(0),[西] 高柳大輔,https://db.netkeiba.com/race/202505041111/
202505041111,第172回天皇賞(秋)(GI),3,3,3,ジャスティンパレス,202505041111|3|ジャスティンパレス,3,牡6,58,団野大成,1:58.8,クビ,4-6-6,32.6,470(0),[西] 杉山晴紀,https://db.netkeiba.com/race/202505041111/
202505041111,第172回天皇賞(秋)(GI),4,4,11,シランケド,202505041111|11|シランケド,7,牝5,56,横山武史,1:58.8,クビ,14-14-14,31.7,516(+2),[西] 牧浦充徳,https://db.netkeiba.com/race/202505041111/
202505041111,第172回天皇賞(秋)(GI),5,5,2,アーバンシック,202505041111|2|アーバンシック,2,牡4,58,プーシャ,1:58.8,クビ,12-11-11,32.2,514(+2),[東] 武井亮,https://db.netkeiba.com/race/202505041111/
202505041111,第172回天皇賞(秋)(GI),6,6,13,メイショウタバル,202505041111|13|メイショウタバル,8,牡4,58,武豊,1:58.8,ハナ,1-1-1,33.1,508(+4),[西] 石橋守,https://db.netkeiba.com/race/202505041111/
202505041111,第172回天皇賞(秋)(GI),7,7,12,セイウンハーデス,202505041111|12|セイウンハーデス,7,牡6,58,菅原明良,1:59.0,3/4,9-12-11,32.4,472(-10),[西] 橋口慎介,https://db.netkeiba.com/race/202505041111/
202505041111,第172回天皇賞(秋)(GI),8,8,5,タスティエーラ,202505041111|5|タスティエーラ,4,牡5,58,レーン,1:59.0,アタマ,4-5-5,33.0,508(+10),[東] 堀宣行,https://db.netkeiba.com/race/202505041111/
202505041111,第172回天皇賞(秋)(GI),9,9,14,クイーンズウォーク,202505041111|14|クイーンズウォーク,8,牝4,56,川田将雅,1:59.0,ハナ,7-6-6,32.8,542(+6),[西] 中内田充,https://db.netkeiba.com/race/202505041111/
202505041111,第172回天皇賞(秋)(GI),10,10,6,ブレイディヴェーグ,202505041111|6|ブレイディヴェーグ,4,牝5,56,戸崎圭太,1:59.1,3/4,13-13-13,32.3,474(-2),[東] 宮田敬介,https://db.netkeiba.com/race/202505041111/
202505041111,第172回天皇賞(秋)(GI),11,11,10,エコロヴァルツ,202505041111|10|エコロヴァルツ,6,牡4,58,三浦皇成,1:59.2,クビ,4-3-3,33.3,494(+8),[西] 牧浦充徳,https://db.netkeiba.com/race/202505041111/
202505041111,第172回天皇賞(秋)(GI),12,12,1,コスモキュランダ,202505041111|1|コスモキュランダ,1,牡4,58,津村明秀,1:59.2,アタマ,2-3-3,33.3,520(+18),[東] 加藤士津,https://db.netkeiba.com/race/202505041111/
202505041111,第172回天皇賞(秋)(GI),13,13,8,ホウオウビスケッツ,202505041111|8|ホウオウビスケッツ,5,牡5,58,岩田康誠,1:59.2,アタマ,2-2-2,33.5,504(-4),[東] 奥村武,https://db.netkeiba.com/race/202505041111/
202505041111,第172回天皇賞(秋)(GI),14,14,4,ソールオリエンス,202505041111|4|ソールオリエンス,3,牡5,58,丹内祐次,1:59.3,3/4,7-9-9,32.9,478(+10),[東] 手塚貴久,https://db.netkeiba.com/race/202505041111/
202507050211,第26回チャンピオンズC(GI),1,1,2,ダブルハートボンド,202507050211|2|ダブルハートボンド,1,牝4,56,坂井瑠星,1:50.2,,2-3-3-3,37.1,474(-2),[西] 大久保龍,https://db.netkeiba.com/race/202507050211/
202507050211,第26回チャンピオンズC(GI),2,2,8,ウィルソンテソーロ,202507050211|8|ウィルソンテソーロ,4,牡6,58,川田将雅,1:50.2,ハナ,10-9-6-6,36.8,484(-3),[東] 高木登,https://db.netkeiba.com/race/202507050211/
202507050211,第26回チャンピオンズC(GI),3,3,7,ラムジェット,202507050211|7|ラムジェット,4,牡4,58,三浦皇成,1:50.6,2.1/2,12-12-10-11,36.9,516(0),[西] 佐々木晶,https://db.netkeiba.com/race/202507050211/
202507050211,第26回チャンピオンズC(GI),4,4,3,メイショウハリオ,202507050211|3|メイショウハリオ,2,牡8,58,武豊,1:50.6,アタマ,12-12-13-11,36.7,504(+10),[西] 岡田稲男,https://db.netkeiba.com/race/202507050211/
202507050211,第26回チャンピオンズC(GI),5,5,9,アウトレンジ,202507050211|9|アウトレンジ,5,牡5,58,松山弘平,1:51.0,2.1/2,5-5-6-6,37.6,492(-6),[西] 大久保龍,https://db.netkeiba.com/race/202507050211/
202507050211,第26回チャンピオンズC(GI),6,6,6,ハギノアレグリアス,202507050211|6|ハギノアレグリアス,3,牡8,58,岩田康誠,1:51.1,3/4,5-5-4-4,37.9,494(0),[西] 四位洋文,https://db.netkeiba.com/race/202507050211/
202507050211,第26回チャンピオンズC(GI),7,7,10,テンカジョウ,202507050211|10|テンカジョウ,5,牝4,56,国分優作,1:51.2,クビ,14-14-14-15,37.2,496(+1),[西] 岡田稲男,https://db.netkeiba.com/race/202507050211/
202507050211,第26回チャンピオンズC(GI),8,8,13,サンライズジパング,202507050211|13|サンライズジパング,7,牡4,58,池添謙一,1:51.3,3/4,10-11-10-9,37.6,524(+17),[西] 前川恭子,https://db.netkeiba.com/race/202507050211/
202507050211,第26回チャンピオンズC(GI),9,9,4,セラフィックコール,202507050211|4|セラフィックコール,2,牡5,58,西村淳也,1:51.4,1/2,15-14-14-11,37.4,538(+10),[西] 寺島良,https://db.netkeiba.com/race/202507050211/
202507050211,第26回チャンピオンズC(GI),10,10,15,ペリエール,202507050211|15|ペリエール,8,牡5,58,佐々木大,1:51.4,アタマ,8-7-6-6,38.0,484(+2),[東] 黒岩陽一,https://db.netkeiba.com/race/202507050211/
202507050211,第26回チャンピオンズC(GI),11,11,11,シックスペンス,202507050211|11|シックスペンス,6,牡4,58,ルメール,1:51.5,1/2,2-1-2-2,38.6,502(-1),[東] 国枝栄,https://db.netkeiba.com/race/202507050211/
202507050211,第26回チャンピオンズC(GI),12,12,14,ペプチドナイル,202507050211|14|ペプチドナイル,7,牡7,58,藤岡佑介,1:52.3,5,8-9-10-11,38.5,526(-4),[西] 武英智,https://db.netkeiba.com/race/202507050211/
202507050211,第26回チャンピオンズC(GI),13,13,12,ナルカミ,202507050211|12|ナルカミ,6,牡3,57,戸崎圭太,1:52.6,1.1/2,4-4-4-4,39.4,508(+3),[東] 田中博康,https://db.netkeiba.com/race/202507050211/
202507050211,第26回チャンピオンズC(GI),14,14,5,ヘリオス,202507050211|5|ヘリオス,3,セ9,58,原優介,1:52.7,3/4,16-16-16-16,38.1,466(-9),[地] 千葉幸喜,https://db.netkeiba.com/race/202507050211/
202507050211,第26回チャンピオンズC(GI),15,15,16,ルクソールカフェ,202507050211|16|ルクソールカフェ,8,牡3,57,ジェルー,1:53.6,5,5-7-9-9,40.1,550(+6),[東] 堀宣行,https://db.netkeiba.com/race/202507050211/
202507050211,第26回チャンピオンズC(GI),16,16,1,ウィリアムバローズ,202507050211|1|ウィリアムバローズ,1,牡7,58,岩田望来,1:54.7,7,1-2-1-1,41.8,490(-2),[西] 上村洋行,https://db.netkeiba.com/race/202507050211/
202506010111,第74回日刊スポ賞中山金杯(GIII),1,1,2,アルナシーム,202506010111|2|アルナシーム,1,牡6,58,藤岡佑介,1:58.1,,11-10-9-6,34.6,452(+2),[西] 橋口慎介,https://db.netkeiba.com/race/202506010111/
202506010111,第74回日刊スポ賞中山金杯(GIII),2,2,7,マイネルモーント,202506010111|7|マイネルモーント,4,牡5,55,丹内祐次,1:58.3,1.1/4,13-12-11-9,34.6,466(+8),[東] 高木登,https://db.netkeiba.com/race/202506010111/
202506010111,第74回日刊スポ賞中山金杯(GIII),3,3,16,ボーンディスウェイ,202506010111|16|ボーンディスウェイ,8,牡6,57,木幡巧也,1:58.4,1,3-3-3-3,35.7,498(+6),[東] 牧光二,https://db.netkeiba.com/race/202506010111/
202506010111,第74回日刊スポ賞中山金杯(GIII),4,4,15,クリスマスパレード,202506010111|15|クリスマスパレード,7,牝4,55,石川裕紀,1:58.5,1/2,1-1-1-1,36.1,460(-4),[東] 加藤士津,https://db.netkeiba.com/race/202506010111/
202506010111,第74回日刊スポ賞中山金杯(GIII),5,5,9,ギャラクシーナイト,202506010111|9|ギャラクシーナイト,5,牡6,56,菊沢一樹,1:58.5,ハナ,16-16-16-14,34.5,512(+8),[東] 菊沢隆徳,https://db.netkeiba.com/race/202506010111/
202506010111,第74回日刊スポ賞中山金杯(GIII),6,6,3,パラレルヴィジョン,202506010111|3|パラレルヴィジョン,2,牡6,58,マーカン,1:58.5,クビ,9-8-9-9,35.0,492(+4),[東] 国枝栄,https://db.netkeiba.com/race/202506010111/
202506010111,第74回日刊スポ賞中山金杯(GIII),7,7,5,ショウナンアデイブ,202506010111|5|ショウナンアデイブ,3,牡6,55,池添謙一,1:58.6,アタマ,6-6-6-6,35.4,510(-6),[西] 高野友和,https://db.netkeiba.com/race/202506010111/
202506010111,第74回日刊スポ賞中山金杯(GIII),8,8,8,エアファンディタ,202506010111|8|エアファンディタ,4,牡8,57.5,戸崎圭太,1:58.7,1,18-18-18-18,34.4,470(+4),[西] 池添学,https://db.netkeiba.com/race/202506010111/
202506010111,第74回日刊スポ賞中山金杯(GIII),9,9,18,ホウオウビスケッツ,202506010111|18|ホウオウビスケッツ,8,牡5,59.5,ドイル,1:58.8,クビ,2-2-2-2,36.4,506(+4),[東] 奥村武,https://db.netkeiba.com/race/202506010111/
202506010111,第74回日刊スポ賞中山金杯(GIII),10,10,1,ラーグルフ,202506010111|1|ラーグルフ,1,牡6,57.5,菅原明良,1:58.9,1/2,15-14-15-11,35.1,496(-4),[東] 宗像義忠,https://db.netkeiba.com/race/202506010111/
202506010111,第74回日刊スポ賞中山金杯(GIII),11,11,10,セイウンプラチナ,202506010111|10|セイウンプラチナ,5,牡6,54,内田博幸,1:58.9,クビ,4-5-5-4,36.0,512(+24),[東] 千葉直人,https://db.netkeiba.com/race/202506010111/
202506010111,第74回日刊スポ賞中山金杯(GIII),12,12,17,シンリョクカ,202506010111|17|シンリョクカ,8,牝5,56,木幡初也,1:58.9,ハナ,7-8-8-11,35.5,466(+4),[東] 竹内正洋,https://db.netkeiba.com/race/202506010111/
202506010111,第74回日刊スポ賞中山金杯(GIII),13,13,6,カラテ,202506010111|6|カラテ,3,牡9,59,杉原誠人,1:59.1,3/4,9-10-11-14,35.4,546(+16),[西] 音無秀孝,https://db.netkeiba.com/race/202506010111/
202506010111,第74回日刊スポ賞中山金杯(GIII),14,14,4,ジェイパームス,202506010111|4|ジェイパームス,2,セ5,56,佐々木大,1:59.1,クビ,7-6-6-6,35.9,510(+8),[東] 堀宣行,https://db.netkeiba.com/race/202506010111/
202506010111,第74回日刊スポ賞中山金杯(GIII),15,15,14,リカンカブール,202506010111|14|リカンカブール,7,牡6,58,津村明秀,1:59.5,2.1/2,16-16-16-16,35.5,496(+6),[西] 田中克典,https://db.netkeiba.com/race/202506010111/
202506010111,第74回日刊スポ賞中山金杯(GIII),16,16,13,アドマイヤビルゴ,202506010111|13|アドマイヤビルゴ,7,牡8,57,北村宏司,2:00.3,5,11-12-11-16,36.6,444(0),[西] 友道康夫,https://db.netkeiba.com/race/202506010111/
202506010111,第74回日刊スポ賞中山金杯(GIII),17,17,12,ディオスバリエンテ,202506010111|12|ディオスバリエンテ,6,セ7,55,大野拓弥,2:00.9,3.1/2,4-3-3-4,38.2,482(+4),[東] 堀宣行,https://db.netkeiba.com/race/202506010111/
202506010111,第74回日刊スポ賞中山金杯(GIII),18,18,11,カレンシュトラウス,202506010111|11|カレンシュトラウス,6,牡8,54,荻野極,2:01.0,1/2,13-14-11-11,37.3,528(+4),[西] 平田修,https://db.netkeiba.com/race/202506010111/
202507010111,第63回スポニチ賞京都金杯(GIII),1,1,7,サクラトゥジュール,202507010111|7|サクラトゥジュール,4,セ8,58,キング,1:33.5,,13-10-10,34.6,512(0),[東] 堀宣行,https://db.netkeiba.com/race/202507010111/
202507010111,第63回スポニチ賞京都金杯(GIII),2,2,16,ウォーターリヒト,202507010111|16|ウォーターリヒト,8,牡4,57,田辺裕信,1:33.6,クビ,13-12-12,34.3,470(+4),[西] 河内洋,https://db.netkeiba.com/race/202507010111/
202507010111,第63回スポニチ賞京都金杯(GIII),3,3,1,ロジリオン,202507010111|1|ロジリオン,1,牡4,57,三浦皇成,1:33.6,クビ,3-3-3,35.1,502(+8),[東] 古賀慎明,https://db.netkeiba.com/race/202507010111/
202507010111,第63回スポニチ賞京都金杯(GIII),4,4,2,セオ,202507010111|2|セオ,1,牡5,57,団野大成,1:33.8,1,1-2-2,35.5,494(+14),[西] 上村洋行,https://db.netkeiba.com/race/202507010111/
202507010111,第63回スポニチ賞京都金杯(GIII),4,4,5,アスクコンナモンダ,202507010111|5|アスクコンナモンダ,3,牡6,57.5,ルメート,1:33.8,同着,11-8-8,35.0,458(-2),[西] 中内田充,https://db.netkeiba.com/race/202507010111/
202507010111,第63回スポニチ賞京都金杯(GIII),6,6,9,シャドウフューリー,202507010111|9|シャドウフューリー,5,牡5,57,川田将雅,1:33.9,1,6-6-4,35.3,490(+6),[西] 杉山晴紀,https://db.netkeiba.com/race/202507010111/
202507010111,第63回スポニチ賞京都金杯(GIII),7,7,3,シュバルツカイザー,202507010111|3|シュバルツカイザー,2,セ7,57,岩田望来,1:33.9,アタマ,8-7-7,35.2,504(0),[東] 大竹正博,https://db.netkeiba.com/race/202507010111/
202507010111,第63回スポニチ賞京都金杯(GIII),8,8,6,マテンロウオリオン,202507010111|6|マテンロウオリオン,3,牡6,56,古川吉洋,1:34.2,1.1/2,8-8-8,35.4,488(0),[西] 昆貢,https://db.netkeiba.com/race/202507010111/
202507010111,第63回スポニチ賞京都金杯(GIII),9,9,11,コレペティトール,202507010111|11|コレペティトール,6,牡5,57,柴田裕一,1:34.6,2.1/2,15-15-14,35.0,488(+4),[西] 中竹和也,https://db.netkeiba.com/race/202507010111/
202507010111,第63回スポニチ賞京都金杯(GIII),10,10,14,メイショウチタン,202507010111|14|メイショウチタン,7,牡8,57,横山典弘,1:34.8,1.1/2,8-12-12,35.5,488(+18),[西] 本田優,https://db.netkeiba.com/race/202507010111/
202507010111,第63回スポニチ賞京都金杯(GIII),11,11,15,ドゥアイズ,202507010111|15|ドゥアイズ,8,牝5,55.5,武豊,1:34.9,クビ,12-10-11,35.8,484(+4),[西] 庄野靖志,https://db.netkeiba.com/race/202507010111/
202507010111,第63回スポニチ賞京都金杯(GIII),12,12,8,オーキッドロマンス,202507010111|8|オーキッドロマンス,4,牡4,57,丸田恭介,1:35.1,1.1/4,3-3-4,36.5,490(0),[東] 手塚貴久,https://db.netkeiba.com/race/202507010111/
202507010111,第63回スポニチ賞京都金杯(GIII),13,13,10,セルバーグ,202507010111|10|セルバーグ,5,牡6,57,田口貫太,1:35.3,1.1/2,2-1-1,37.2,444(+12),[西] 鈴木孝志,https://db.netkeiba.com/race/202507010111/
202507010111,第63回スポニチ賞京都金杯(GIII),14,14,12,フィールシンパシー,202507010111|12|フィールシンパシー,6,牝6,54,坂井瑠星,1:35.7,2.1/2,3-3-4,37.1,456(-2),[東] 小島茂之,https://db.netkeiba.com/race/202507010111/
202507010111,第63回スポニチ賞京都金杯(GIII),15,15,4,ゴールデンシロップ,202507010111|4|ゴールデンシロップ,2,牡7,55,原優介,1:35.7,ハナ,15-15-15,35.9,544(+4),[東] 鈴木慎太,https://db.netkeiba.com/race/202507010111/
202507010111,第63回スポニチ賞京都金杯(GIII),16,16,13,コナコースト,202507010111|13|コナコースト,7,牝5,54,北村友一,1:37.8,大,6-14-16,37.9,480(+8),[西] 清水久詞,https://db.netkeiba.com/race/202507010111/
202505010211,第39回根岸S(GIII),1,1,9,コスタノヴァ,202505010211|9|コスタノヴァ,5,牡5,57,横山武史,1:22.6,,8-7,35.9,496(-1),[東] 木村哲也,https://db.netkeiba.com/race/202505010211/
202505010211,第39回根岸S(GIII),2,2,13,ロードフォンス,202505010211|13|ロードフォンス,7,牡5,57,横山和生,1:23.3,4,9-9,36.5,494(0),[西] 安田翔伍,https://db.netkeiba.com/race/202505010211/
202505010211,第39回根岸S(GIII),3,3,11,アルファマム,202505010211|11|アルファマム,6,牝6,55,キング,1:23.6,2,14-14,35.7,466(+2),[西] 佐々木晶,https://db.netkeiba.com/race/202505010211/
202505010211,第39回根岸S(GIII),4,4,5,サンライズフレイム,202505010211|5|サンライズフレイム,3,牡5,57,藤岡佑介,1:23.8,1,2-2,38.0,522(-6),[西] 石坂公一,https://db.netkeiba.com/race/202505010211/
202505010211,第39回根岸S(GIII),5,5,1,クロジシジョー,202505010211|1|クロジシジョー,1,牡6,57,浜中俊,1:23.9,3/4,11-10,36.9,460(+8),[西] 岡田稲男,https://db.netkeiba.com/race/202505010211/
202505010211,第39回根岸S(GIII),6,6,8,フリームファクシ,202505010211|8|フリームファクシ,4,牡5,57,Ｍ．デム,1:24.0,1/2,12-12,36.7,524(-2),[西] 須貝尚介,https://db.netkeiba.com/race/202505010211/
202505010211,第39回根岸S(GIII),7,7,14,スレイマン,202505010211|14|スレイマン,7,牡7,57,西村淳也,1:24.1,クビ,7-7,37.4,548(0),[西] 池添学,https://db.netkeiba.com/race/202505010211/
202505010211,第39回根岸S(GIII),8,8,15,ショウナンライシン,202505010211|15|ショウナンライシン,8,牡5,57,菅原明良,1:24.2,3/4,9-11,37.1,502(+14),[東] 大竹正博,https://db.netkeiba.com/race/202505010211/
202505010211,第39回根岸S(GIII),9,9,4,アームズレイン,202505010211|4|アームズレイン,2,牡5,57,岩田望来,1:24.5,1.1/2,4-4,38.2,512(+12),[西] 上村洋行,https://db.netkeiba.com/race/202505010211/
202505010211,第39回根岸S(GIII),10,10,12,サトノルフィアン,202505010211|12|サトノルフィアン,6,牡6,57,横山典弘,1:24.6,3/4,2-2,38.8,518(-12),[西] 高橋康之,https://db.netkeiba.com/race/202505010211/
202505010211,第39回根岸S(GIII),11,11,3,メイショウテンスイ,202505010211|3|メイショウテンスイ,2,牡8,57,吉田豊,1:24.7,1/2,5-5,38.3,530(-12),[西] 河内洋,https://db.netkeiba.com/race/202505010211/
202505010211,第39回根岸S(GIII),12,12,16,スズカコテキタイ,202505010211|16|スズカコテキタイ,8,牡6,57,内田博幸,1:24.8,1/2,14-14,36.9,508(+8),[東] 奥村武,https://db.netkeiba.com/race/202505010211/
202505010211,第39回根岸S(GIII),13,13,2,ドンフランキー,202505010211|2|ドンフランキー,1,牡6,57,池添謙一,1:25.2,2,1-1,39.5,604(0),[西] 斉藤崇史,https://db.netkeiba.com/race/202505010211/
202505010211,第39回根岸S(GIII),14,14,7,エイシンスポッター,202505010211|7|エイシンスポッター,4,牡6,57,津村明秀,1:25.3,1/2,13-13,37.7,502(-6),[西] 吉村圭司,https://db.netkeiba.com/race/202505010211/
202505010211,第39回根岸S(GIII),15,15,6,バルサムノート,202505010211|6|バルサムノート,3,牡5,57,松岡正海,1:26.5,7,6-6,40.0,512(-10),[西] 高野友和,https://db.netkeiba.com/race/202505010211/
202505010211,第39回根岸S(GIII),中,,10,タガノビューティー,202505010211|10|タガノビューティー,5,牡8,59,石橋脩,,,,,522(+5),[西] 西園正都,https://db.netkeiba.com/race/202505010211/
202505010411,第75回東京新聞杯(GIII),1,1,12,ウォーターリヒト,202505010411|12|ウォーターリヒト,6,牡4,57,菅原明良,1:32.6,,12-12,33.2,468(-2),[西] 河内洋,https://db.netkeiba.com/race/202505010411/
202505010411,第75回東京新聞杯(GIII),2,2,4,ボンドガール,202505010411|4|ボンドガール,2,牝4,55,武豊,1:32.7,クビ,6-6,33.7,456(+8),[東] 手塚貴久,https://db.netkeiba.com/race/202505010411/
202505010411,第75回東京新聞杯(GIII),3,3,2,メイショウチタン,202505010411|2|メイショウチタン,1,牡8,57,吉田豊,1:32.8,1/2,1-1,35.1,480(-8),[西] 本田優,https://db.netkeiba.com/race/202505010411/
202505010411,第75回東京新聞杯(GIII),4,4,7,ブレイディヴェーグ,202505010411|7|ブレイディヴェーグ,4,牝5,56,ルメール,1:32.8,クビ,9-8,33.6,482(+14),[東] 宮田敬介,https://db.netkeiba.com/race/202505010411/
202505010411,第75回東京新聞杯(GIII),5,5,14,マテンロウスカイ,202505010411|14|マテンロウスカイ,7,セ6,59,横山典弘,1:32.9,1/2,3-3,34.4,486(+2),[西] 松永幹夫,https://db.netkeiba.com/race/202505010411/
202505010411,第75回東京新聞杯(GIII),6,6,16,セオ,202505010411|16|セオ,8,牡5,57,横山和生,1:33.1,1.1/4,2-2,35.0,486(-8),[西] 上村洋行,https://db.netkeiba.com/race/202505010411/
202505010411,第75回東京新聞杯(GIII),7,7,3,シャンパンカラー,202505010411|3|シャンパンカラー,2,牡5,59,内田博幸,1:33.1,1/2,6-8,33.9,514(+4),[東] 田中剛,https://db.netkeiba.com/race/202505010411/
202505010411,第75回東京新聞杯(GIII),8,8,15,オフトレイル,202505010411|15|オフトレイル,8,牡4,58,田辺裕信,1:33.2,1/2,16-16,33.2,456(+2),[西] 吉村圭司,https://db.netkeiba.com/race/202505010411/
202505010411,第75回東京新聞杯(GIII),9,9,6,オールナット,202505010411|6|オールナット,3,牡4,57,北村友一,1:33.3,3/4,4-5,34.4,532(+6),[西] 高野友和,https://db.netkeiba.com/race/202505010411/
202505010411,第75回東京新聞杯(GIII),10,10,8,ジュンブロッサム,202505010411|8|ジュンブロッサム,4,牡6,59,戸崎圭太,1:33.4,クビ,9-8,34.2,478(+6),[西] 友道康夫,https://db.netkeiba.com/race/202505010411/
202505010411,第75回東京新聞杯(GIII),11,11,11,ジオグリフ,202505010411|11|ジオグリフ,6,牡6,59,横山武史,1:33.4,クビ,14-14,33.7,514(0),[東] 木村哲也,https://db.netkeiba.com/race/202505010411/
202505010411,第75回東京新聞杯(GIII),12,12,5,コラソンビート,202505010411|5|コラソンビート,3,牝4,55,津村明秀,1:33.5,クビ,12-12,34.1,464(0),[東] 加藤士津,https://db.netkeiba.com/race/202505010411/
202505010411,第75回東京新聞杯(GIII),12,12,13,ゴートゥファースト,202505010411|13|ゴートゥファースト,7,牡5,57,池添謙一,1:33.5,同着,4-4,34.8,476(-10),[西] 新谷功一,https://db.netkeiba.com/race/202505010411/
202505010411,第75回東京新聞杯(GIII),14,14,10,ゾンニッヒ,202505010411|10|ゾンニッヒ,5,牡7,57,浜中俊,1:33.8,2,6-6,34.8,478(-4),[西] 池江泰寿,https://db.netkeiba.com/race/202505010411/
202505010411,第75回東京新聞杯(GIII),15,15,1,サクラトゥジュール,202505010411|1|サクラトゥジュール,1,セ8,58,キング,1:34.0,1.1/4,9-8,34.8,516(+4),[東] 堀宣行,https://db.netkeiba.com/race/202505010411/
202505010411,第75回東京新聞杯(GIII),16,16,9,ラーグルフ,202505010411|9|ラーグルフ,5,牡6,57,三浦皇成,1:34.8,5,14-14,35.1,494(-2),[東] 宗像義忠,https://db.netkeiba.com/race/202505010411/
202510011011,第59回小倉大賞典(GIII),1,1,2,ロングラン,202510011011|2|ロングラン,2,セ7,57,丹内祐次,1:46.1,,10-11-8-9,34.0,478(-8),[東] 和田勇介,https://db.netkeiba.com/race/202510011011/
202510011011,第59回小倉大賞典(GIII),2,2,10,ショウナンアデイブ,202510011011|10|ショウナンアデイブ,6,牡6,55,丸山元気,1:46.1,クビ,3-4-5-5,34.3,520(+10),[西] 高野友和,https://db.netkeiba.com/race/202510011011/
202510011011,第59回小倉大賞典(GIII),3,3,8,ラケマーダ,202510011011|8|ラケマーダ,5,牡5,55,秋山稔樹,1:46.3,1.1/4,10-9-8-6,34.3,496(-6),[西] 千田輝彦,https://db.netkeiba.com/race/202510011011/
202510011011,第59回小倉大賞典(GIII),4,4,12,セルバーグ,202510011011|12|セルバーグ,7,牡6,57,和田竜二,1:46.3,クビ,1-1-1-1,36.4,446(+2),[西] 鈴木孝志,https://db.netkeiba.com/race/202510011011/
202510011011,第59回小倉大賞典(GIII),5,5,7,エピファニー,202510011011|7|エピファニー,5,牡6,58.5,杉原誠人,1:46.4,クビ,6-7-7-7,34.5,502(-6),[東] 宮田敬介,https://db.netkeiba.com/race/202510011011/
202510011011,第59回小倉大賞典(GIII),6,6,4,マテンロウオリオン,202510011011|4|マテンロウオリオン,3,牡6,56,古川吉洋,1:46.4,クビ,6-7-8-10,34.4,486(-2),[西] 昆貢,https://db.netkeiba.com/race/202510011011/
202510011011,第59回小倉大賞典(GIII),7,7,6,グランドカリナン,202510011011|6|グランドカリナン,4,牡5,55,大野拓弥,1:46.5,アタマ,3-4-5-7,34.7,452(0),[東] 田島俊明,https://db.netkeiba.com/race/202510011011/
202510011011,第59回小倉大賞典(GIII),8,8,3,シルトホルン,202510011011|3|シルトホルン,3,牡5,57,吉田隼人,1:46.6,1/2,12-13-11-11,34.3,476(-6),[東] 新開幸一,https://db.netkeiba.com/race/202510011011/
202510011011,第59回小倉大賞典(GIII),9,9,9,コスモブッドレア,202510011011|9|コスモブッドレア,6,牡4,55,佐々木大,1:46.8,1.1/2,3-3-3-3,35.3,494(+6),[東] 小野次郎,https://db.netkeiba.com/race/202510011011/
202510011011,第59回小倉大賞典(GIII),10,10,11,ヤマニンウルス,202510011011|11|ヤマニンウルス,7,牡5,58.5,藤懸貴志,1:47.0,3/4,2-2-2-2,36.3,600(+9),[西] 斉藤崇史,https://db.netkeiba.com/race/202510011011/
202510011011,第59回小倉大賞典(GIII),11,11,14,エアファンディタ,202510011011|14|エアファンディタ,8,牡8,57.5,酒井学,1:47.0,アタマ,12-11-13-13,34.5,460(-10),[西] 池添学,https://db.netkeiba.com/race/202510011011/
202510011011,第59回小倉大賞典(GIII),12,12,13,ギャラクシーナイト,202510011011|13|ギャラクシーナイト,8,牡6,56,菊沢一樹,1:47.4,2.1/2,9-9-11-11,35.1,506(-2),[東] 菊沢隆徳,https://db.netkeiba.com/race/202510011011/
202510011011,第59回小倉大賞典(GIII),13,13,5,ホウオウプロサンゲ,202510011011|5|ホウオウプロサンゲ,4,牡4,55,小沢大仁,1:47.4,ハナ,6-4-3-4,35.9,490(-2),[西] 矢作芳人,https://db.netkeiba.com/race/202510011011/
202510011011,第59回小倉大賞典(GIII),取,,1,タマモブラックタイ,202510011011|1|タマモブラックタイ,1,牡5,55,角田大和,,,,,計不,[西] 角田晃一,https://db.netkeiba.com/race/202510011011/
202504010511,第47回新潟大賞典(GIII),1,1,8,シリウスコルト,202504010511|8|シリウスコルト,4,牡4,57,古川吉洋,2:00.5,,1-1,34.6,488(-6),[東] 田中勝春,https://db.netkeiba.com/race/202504010511/
202504010511,第47回新潟大賞典(GIII),2,2,14,サブマリーナ,202504010511|14|サブマリーナ,7,牡4,56,武豊,2:00.8,2,12-14,33.8,480(+14),[西] 庄野靖志,https://db.netkeiba.com/race/202504010511/
202504010511,第47回新潟大賞典(GIII),3,3,5,ハピ,202504010511|5|ハピ,3,牡6,57,菱田裕二,2:00.8,クビ,9-11,34.0,486(-8),[西] 大久保龍,https://db.netkeiba.com/race/202504010511/
202504010511,第47回新潟大賞典(GIII),4,4,13,グランドカリナン,202504010511|13|グランドカリナン,7,牡5,55,大野拓弥,2:00.9,クビ,2-2,34.9,456(+4),[東] 田島俊明,https://db.netkeiba.com/race/202504010511/
202504010511,第47回新潟大賞典(GIII),5,5,15,ボーンディスウェイ,202504010511|15|ボーンディスウェイ,8,牡6,57,石橋脩,2:01.1,1.1/4,6-5,34.7,502(+6),[東] 牧光二,https://db.netkeiba.com/race/202504010511/
202504010511,第47回新潟大賞典(GIII),6,6,7,オールナット,202504010511|7|オールナット,4,牡4,56,北村友一,2:01.2,1/2,3-4,34.9,524(-4),[西] 高野友和,https://db.netkeiba.com/race/202504010511/
202504010511,第47回新潟大賞典(GIII),7,7,1,カネフラ,202504010511|1|カネフラ,1,牡5,54,藤岡佑介,2:01.3,3/4,15-15,34.1,452(+4),[西] 高橋康之,https://db.netkeiba.com/race/202504010511/
202504010511,第47回新潟大賞典(GIII),8,8,3,ディマイザキッド,202504010511|3|ディマイザキッド,2,牡4,56,岩田望来,2:01.3,ハナ,15-15,34.2,460(0),[東] 清水英克,https://db.netkeiba.com/race/202504010511/
202504010511,第47回新潟大賞典(GIII),9,9,6,マイネルメモリー,202504010511|6|マイネルメモリー,3,牡5,55,丹内祐次,2:01.3,アタマ,12-11,34.5,464(-2),[西] 宮徹,https://db.netkeiba.com/race/202504010511/
202504010511,第47回新潟大賞典(GIII),10,10,12,レガーロデルシエロ,202504010511|12|レガーロデルシエロ,6,牡4,56,戸崎圭太,2:01.4,クビ,12-11,34.7,518(-10),[東] 栗田徹,https://db.netkeiba.com/race/202504010511/
202504010511,第47回新潟大賞典(GIII),11,11,2,パラレルヴィジョン,202504010511|2|パラレルヴィジョン,1,牡6,58,吉田隼人,2:01.5,1/2,9-10,34.7,488(0),[東] 国枝栄,https://db.netkeiba.com/race/202504010511/
202504010511,第47回新潟大賞典(GIII),12,12,11,サイルーン,202504010511|11|サイルーン,6,セ6,57,佐々木大,2:01.7,1,9-8,35.1,482(-6),[東] 堀宣行,https://db.netkeiba.com/race/202504010511/
202504010511,第47回新潟大賞典(GIII),13,13,4,ショウナンアデイブ,202504010511|4|ショウナンアデイブ,2,牡6,56,丸山元気,2:01.9,1.1/2,6-7,35.3,522(+2),[西] 高野友和,https://db.netkeiba.com/race/202504010511/
202504010511,第47回新潟大賞典(GIII),14,14,10,マテンロウオリオン,202504010511|10|マテンロウオリオン,5,牡6,56,横山典弘,2:02.1,1,8-8,35.5,478(+6),[西] 昆貢,https://db.netkeiba.com/race/202504010511/
202504010511,第47回新潟大賞典(GIII),15,15,9,エピファニー,202504010511|9|エピファニー,5,牡6,58.5,荻野極,2:03.1,6,5-5,36.6,500(-2),[東] 宮田敬介,https://db.netkeiba.com/race/202504010511/
202504010511,第47回新潟大賞典(GIII),16,16,16,フライライクバード,202504010511|16|フライライクバード,8,セ8,57,小崎綾也,2:03.2,1/2,3-3,36.9,448(-8),[西] 福永祐一,https://db.netkeiba.com/race/202504010511/
202502010611,第61回函館記念(GIII),1,1,8,ヴェローチェエラ,202502010611|8|ヴェローチェエラ,5,牡4,56,佐々木大,1:57.6,,8-10-9-2,34.7,496(+2),[西] 須貝尚介,https://db.netkeiba.com/race/202502010611/
202502010611,第61回函館記念(GIII),2,2,3,ハヤテノフクノスケ,202502010611|3|ハヤテノフクノスケ,3,牡4,56,横山武史,1:57.9,1.1/2,4-4-4-5,35.3,532(-4),[西] 中村直也,https://db.netkeiba.com/race/202502010611/
202502010611,第61回函館記念(GIII),3,3,12,マイネルメモリー,202502010611|12|マイネルメモリー,7,牡5,55,菱田裕二,1:57.9,クビ,14-14-14-14,34.2,466(+2),[西] 宮徹,https://db.netkeiba.com/race/202502010611/
202502010611,第61回函館記念(GIII),4,4,7,ディマイザキッド,202502010611|7|ディマイザキッド,5,牡4,56,岩田康誠,1:58.0,3/4,13-13-13-11,34.5,460(0),[東] 清水英克,https://db.netkeiba.com/race/202502010611/
202502010611,第61回函館記念(GIII),5,5,11,ランスオブクイーン,202502010611|11|ランスオブクイーン,7,牝4,54,斎藤新,1:58.1,クビ,7-7-9-8,35.2,450(+4),[西] 奥村豊,https://db.netkeiba.com/race/202502010611/
202502010611,第61回函館記念(GIII),6,6,9,アルナシーム,202502010611|9|アルナシーム,6,牡6,59,藤岡佑介,1:58.2,3/4,9-12-11-11,35.0,452(+6),[西] 橋口慎介,https://db.netkeiba.com/race/202502010611/
202502010611,第61回函館記念(GIII),7,7,6,サンストックトン,202502010611|6|サンストックトン,4,牡6,55,浜中俊,1:58.5,1.3/4,12-11-11-11,35.4,468(0),[東] 堀内岳志,https://db.netkeiba.com/race/202502010611/
202502010611,第61回函館記念(GIII),8,8,5,ボーンディスウェイ,202502010611|5|ボーンディスウェイ,4,牡6,57,木幡巧也,1:58.7,1.1/4,3-3-2-2,36.3,498(-4),[東] 牧光二,https://db.netkeiba.com/race/202502010611/
202502010611,第61回函館記念(GIII),9,9,4,キミノナハマリア,202502010611|4|キミノナハマリア,3,牝5,54,鮫島克駿,1:58.7,クビ,4-4-4-5,36.1,512(+6),[西] 千田輝彦,https://db.netkeiba.com/race/202502010611/
202502010611,第61回函館記念(GIII),10,10,14,トップナイフ,202502010611|14|トップナイフ,8,牡5,57,横山和生,1:59.2,3,2-2-2-2,36.8,492(0),[西] 昆貢,https://db.netkeiba.com/race/202502010611/
202502010611,第61回函館記念(GIII),11,11,13,マコトヴェリーキー,202502010611|13|マコトヴェリーキー,8,牡5,57,北村友一,1:59.3,クビ,4-4-4-5,36.6,472(+6),[西] 上村洋行,https://db.netkeiba.com/race/202502010611/
202502010611,第61回函館記念(GIII),12,12,1,マイネルモーント,202502010611|1|マイネルモーント,1,牡5,56,丹内祐次,1:59.3,ハナ,9-7-7-8,36.5,466(-6),[東] 高木登,https://db.netkeiba.com/race/202502010611/
202502010611,第61回函館記念(GIII),13,13,10,グランディア,202502010611|10|グランディア,6,セ6,56,三浦皇成,1:59.3,クビ,9-7-7-8,36.5,480(-4),[西] 中内田充,https://db.netkeiba.com/race/202502010611/
202502010611,第61回函館記念(GIII),14,14,2,アウスヴァール,202502010611|2|アウスヴァール,2,セ7,55,古川吉洋,1:59.7,2,1-1-1-1,37.5,486(-6),[西] 昆貢,https://db.netkeiba.com/race/202502010611/
202503020611,第61回七夕賞(GIII),1,1,2,コスモフリーゲン,202503020611|2|コスモフリーゲン,2,牡5,56,柴田大知,2:00.5,,1-1-1-1,36.0,502(0),[東] 畠山吉宏,https://db.netkeiba.com/race/202503020611/
202503020611,第61回七夕賞(GIII),2,2,15,ドゥラドーレス,202503020611|15|ドゥラドーレス,8,牡6,57.5,戸崎圭太,2:00.5,アタマ,7-7-5-4,35.4,500(-2),[東] 宮田敬介,https://db.netkeiba.com/race/202503020611/
202503020611,第61回七夕賞(GIII),3,3,7,オニャンコポン,202503020611|7|オニャンコポン,4,セ6,55,菅原明良,2:01.1,3.1/2,8-8-8-8,35.7,466(-4),[東] 小島茂之,https://db.netkeiba.com/race/202503020611/
202503020611,第61回七夕賞(GIII),4,4,12,シルトホルン,202503020611|12|シルトホルン,7,牡5,57,大野拓弥,2:01.3,1.1/4,4-4-3-4,36.3,478(+2),[東] 新開幸一,https://db.netkeiba.com/race/202503020611/
202503020611,第61回七夕賞(GIII),5,5,1,ドラゴンヘッド,202503020611|1|ドラゴンヘッド,1,牡5,52,横山琉人,2:01.6,2,14-14-14-14,35.6,450(+2),[東] 武藤善則,https://db.netkeiba.com/race/202503020611/
202503020611,第61回七夕賞(GIII),6,6,13,セブンマジシャン,202503020611|13|セブンマジシャン,7,牡5,54,丸山元気,2:01.7,クビ,10-8-8-8,36.4,500(-4),[西] 高野友和,https://db.netkeiba.com/race/202503020611/
202503020611,第61回七夕賞(GIII),7,7,9,ニシノレヴナント,202503020611|9|ニシノレヴナント,5,セ5,55,田辺裕信,2:01.7,クビ,13-11-8-10,36.3,484(-4),[東] 上原博之,https://db.netkeiba.com/race/202503020611/
202503020611,第61回七夕賞(GIII),8,8,8,シリウスコルト,202503020611|8|シリウスコルト,5,牡4,58.5,古川吉洋,2:01.8,3/4,3-3-3-2,36.9,490(+2),[東] 田中勝春,https://db.netkeiba.com/race/202503020611/
202503020611,第61回七夕賞(GIII),9,9,11,パラレルヴィジョン,202503020611|11|パラレルヴィジョン,6,牡6,57.5,津村明秀,2:02.2,2.1/2,12-11-12-11,36.5,488(0),[東] 国枝栄,https://db.netkeiba.com/race/202503020611/
202503020611,第61回七夕賞(GIII),10,10,10,ショウナンマグマ,202503020611|10|ショウナンマグマ,6,牡6,56,三浦皇成,2:02.3,1/2,2-2-2-2,37.6,510(-8),[東] 尾関知人,https://db.netkeiba.com/race/202503020611/
202503020611,第61回七夕賞(GIII),11,11,14,バラジ,202503020611|14|バラジ,8,セ6,56,荻野極,2:02.3,アタマ,5-5-5-6,37.2,500(-4),[東] 鹿戸雄一,https://db.netkeiba.com/race/202503020611/
202503020611,第61回七夕賞(GIII),12,12,3,ダンテスヴュー,202503020611|3|ダンテスヴュー,2,牡6,54,内田博幸,2:02.8,3,8-8-11-11,37.2,472(+2),[西] 友道康夫,https://db.netkeiba.com/race/202503020611/
202503020611,第61回七夕賞(GIII),13,13,6,ギャラクシーナイト,202503020611|6|ギャラクシーナイト,4,牡6,55,菊沢一樹,2:02.9,1/2,10-11-12-14,37.1,514(+4),[東] 菊沢隆徳,https://db.netkeiba.com/race/202503020611/
202503020611,第61回七夕賞(GIII),14,14,4,マテンロウオリオン,202503020611|4|マテンロウオリオン,3,牡6,56,横山典弘,2:03.6,4,15-15-14-11,37.5,476(+8),[西] 昆貢,https://db.netkeiba.com/race/202503020611/
202503020611,第61回七夕賞(GIII),15,15,5,リフレーミング,202503020611|5|リフレーミング,3,牡7,58,Ｍ．デム,2:04.1,2.1/2,5-5-7-6,38.9,474(-6),[西] 藤野健太,https://db.netkeiba.com/race/202503020611/
202504020207,第60回関屋記念(GIII),1,1,14,カナテープ,202504020207|14|カナテープ,7,牝6,54,キング,1:31.0,,15-14,32.5,482(-2),[東] 堀宣行,https://db.netkeiba.com/race/202504020207/
202504020207,第60回関屋記念(GIII),2,2,1,オフトレイル,202504020207|1|オフトレイル,1,牡4,57.5,菅原明良,1:31.0,クビ,11-11,32.7,464(+4),[西] 吉村圭司,https://db.netkeiba.com/race/202504020207/
202504020207,第60回関屋記念(GIII),2,2,11,ボンドガール,202504020207|11|ボンドガール,6,牝4,56,ルメール,1:31.0,同着,9-9,32.8,456(0),[東] 手塚貴久,https://db.netkeiba.com/race/202504020207/
202504020207,第60回関屋記念(GIII),4,4,10,トランキリテ,202504020207|10|トランキリテ,5,牡6,56,荻野極,1:31.2,1.1/4,14-14,32.7,474(-4),[西] 松永幹夫,https://db.netkeiba.com/race/202504020207/
202504020207,第60回関屋記念(GIII),5,5,8,シヴァース,202504020207|8|シヴァース,4,牡4,56,内田博幸,1:31.2,アタマ,3-3,33.5,458(0),[西] 友道康夫,https://db.netkeiba.com/race/202504020207/
202504020207,第60回関屋記念(GIII),6,6,6,ニシノスーベニア,202504020207|6|ニシノスーベニア,3,牡6,56,大野拓弥,1:31.3,クビ,4-4,33.5,536(+8),[東] 上原博之,https://db.netkeiba.com/race/202504020207/
202504020207,第60回関屋記念(GIII),7,7,4,レガーロデルシエロ,202504020207|4|レガーロデルシエロ,2,牡4,56,戸崎圭太,1:31.3,クビ,6-6,33.4,526(+8),[東] 栗田徹,https://db.netkeiba.com/race/202504020207/
202504020207,第60回関屋記念(GIII),8,8,12,メイショウシンタケ,202504020207|12|メイショウシンタケ,6,牡7,55,菊沢一樹,1:31.6,1.1/2,12-12,33.2,488(-6),[西] 千田輝彦,https://db.netkeiba.com/race/202504020207/
202504020207,第60回関屋記念(GIII),9,9,16,フォーチュンタイム,202504020207|16|フォーチュンタイム,8,牡4,56.5,三浦皇成,1:31.6,クビ,9-9,33.4,502(-10),[西] 吉岡辰弥,https://db.netkeiba.com/race/202504020207/
202504020207,第60回関屋記念(GIII),10,10,2,シンフォーエバー,202504020207|2|シンフォーエバー,1,牡3,53,江田照男,1:31.7,1/2,1-1,34.8,500(+10),[西] 森秀行,https://db.netkeiba.com/race/202504020207/
202504020207,第60回関屋記念(GIII),11,11,15,イミグラントソング,202504020207|15|イミグラントソング,7,牡3,55,石川裕紀,1:31.9,1.1/4,16-16,33.1,488(+4),[東] 辻哲英,https://db.netkeiba.com/race/202504020207/
202504020207,第60回関屋記念(GIII),12,12,3,ジョウショーホープ,202504020207|3|ジョウショーホープ,2,牡5,56,西塚洸二,1:31.9,クビ,8-8,33.8,480(0),[西] 新谷功一,https://db.netkeiba.com/race/202504020207/
202504020207,第60回関屋記念(GIII),13,13,18,ダイシンヤマト,202504020207|18|ダイシンヤマト,8,牡5,56,吉田豊,1:31.9,クビ,12-12,33.5,516(+10),[東] 戸田博文,https://db.netkeiba.com/race/202504020207/
202504020207,第60回関屋記念(GIII),14,14,9,キョウエイブリッサ,202504020207|9|キョウエイブリッサ,5,牡5,55,丸田恭介,1:32.3,2,16-16,33.5,490(-2),[東] 武市康男,https://db.netkeiba.com/race/202504020207/
202504020207,第60回関屋記念(GIII),15,15,17,アルセナール,202504020207|17|アルセナール,8,牝4,53,杉原誠人,1:32.3,クビ,4-4,34.6,462(+4),[東] 木村哲也,https://db.netkeiba.com/race/202504020207/
202504020207,第60回関屋記念(GIII),16,16,7,ハクサンバード,202504020207|7|ハクサンバード,4,牡5,54,小崎綾也,1:32.4,1/2,2-2,34.8,486(+2),[西] 高橋一哉,https://db.netkeiba.com/race/202504020207/
202504020207,第60回関屋記念(GIII),17,17,13,リフレーミング,202504020207|13|リフレーミング,7,牡7,58,石橋脩,1:32.6,1.1/2,18-18,33.6,468(-6),[西] 藤野健太,https://db.netkeiba.com/race/202504020207/
202504020207,第60回関屋記念(GIII),18,18,5,ゴールデンシロップ,202504020207|5|ゴールデンシロップ,3,牡7,54,原優介,1:32.8,1.1/4,6-6,34.9,538(0),[東] 鈴木慎太,https://db.netkeiba.com/race/202504020207/
202501010511,第30回エルムS(GIII),1,1,1,ペリエール,202501010511|1|ペリエール,1,牡5,57,佐々木大,1:43.5,,5-3-3-3,36.6,486(+2),[東] 黒岩陽一,https://db.netkeiba.com/race/202501010511/
202501010511,第30回エルムS(GIII),2,2,6,ロードクロンヌ,202501010511|6|ロードクロンヌ,4,牡4,57,藤岡佑介,1:43.9,2.1/2,6-6-3-3,37.0,494(+4),[西] 四位洋文,https://db.netkeiba.com/race/202501010511/
202501010511,第30回エルムS(GIII),3,3,2,ミッキーヌチバナ,202501010511|2|ミッキーヌチバナ,2,牡7,57,鮫島克駿,1:44.1,1,8-8-11-7,36.5,522(+2),[西] 高橋亮,https://db.netkeiba.com/race/202501010511/
202501010511,第30回エルムS(GIII),4,4,14,ウィリアムバローズ,202501010511|14|ウィリアムバローズ,8,牡7,59,横山武史,1:44.4,1.3/4,1-1-1-1,37.8,492(-6),[西] 上村洋行,https://db.netkeiba.com/race/202501010511/
202501010511,第30回エルムS(GIII),5,5,8,ペイシャエス,202501010511|8|ペイシャエス,5,牡6,58,横山和生,1:44.4,クビ,14-14-14-11,36.3,512(+12),[東] 小西一男,https://db.netkeiba.com/race/202501010511/
202501010511,第30回エルムS(GIII),6,6,11,ブライアンセンス,202501010511|11|ブライアンセンス,7,牡5,58,丹内祐次,1:44.6,1.1/4,11-11-11-7,37.0,520(+6),[東] 斎藤誠,https://db.netkeiba.com/race/202501010511/
202501010511,第30回エルムS(GIII),7,7,3,ドゥラエレーデ,202501010511|3|ドゥラエレーデ,3,牡5,57,松山弘平,1:44.7,アタマ,6-6-8-5,37.4,524(+10),[西] 池添学,https://db.netkeiba.com/race/202501010511/
202501010511,第30回エルムS(GIII),8,8,7,テーオードレフォン,202501010511|7|テーオードレフォン,5,牡6,57,丸山元気,1:45.2,3.1/2,2-3-5-5,38.2,498(-2),[西] 梅田智之,https://db.netkeiba.com/race/202501010511/
202501010511,第30回エルムS(GIII),9,9,12,ショウナンライシン,202501010511|12|ショウナンライシン,7,牡5,57,池添謙一,1:45.5,1.3/4,8-8-10-14,38.1,498(-4),[東] 大竹正博,https://db.netkeiba.com/race/202501010511/
202501010511,第30回エルムS(GIII),10,10,9,ヴァルツァーシャル,202501010511|9|ヴァルツァーシャル,6,牡6,57,古川吉洋,1:45.9,2.1/2,2-2-2-2,39.2,504(0),[東] 高木登,https://db.netkeiba.com/race/202501010511/
202501010511,第30回エルムS(GIII),11,11,4,スレイマン,202501010511|4|スレイマン,3,牡7,57,浜中俊,1:46.2,1.1/2,8-8-11-11,38.6,544(-2),[西] 池添学,https://db.netkeiba.com/race/202501010511/
202501010511,第30回エルムS(GIII),12,12,10,トロヴァトーレ,202501010511|10|トロヴァトーレ,6,牡4,58,ルメール,1:46.3,1/2,12-11-5-7,39.3,494(-4),[東] 鹿戸雄一,https://db.netkeiba.com/race/202501010511/
202501010511,第30回エルムS(GIII),13,13,13,ワールドタキオン,202501010511|13|ワールドタキオン,8,牡7,57,斎藤新,1:46.3,アタマ,2-3-7-10,39.1,504(0),[東] 斎藤誠,https://db.netkeiba.com/race/202501010511/
202501010511,第30回エルムS(GIII),14,14,5,マテンロウスカイ,202501010511|5|マテンロウスカイ,4,セ6,58,横山典弘,1:47.2,5,12-11-8-11,39.9,482(+2),[西] 松永幹夫,https://db.netkeiba.com/race/202501010511/
202507030207,第42回東海S(GIII),1,1,7,ヤマニンウルス,202507030207|7|ヤマニンウルス,4,牡5,57,武豊,1:22.2,,2-2,35.7,582(-2),[西] 斉藤崇史,https://db.netkeiba.com/race/202507030207/
202507030207,第42回東海S(GIII),2,2,8,インユアパレス,202507030207|8|インユアパレス,4,牡4,57,川田将雅,1:22.8,3.1/2,6-6,35.7,486(+2),[西] 須貝尚介,https://db.netkeiba.com/race/202507030207/
202507030207,第42回東海S(GIII),3,3,2,ビダーヤ,202507030207|2|ビダーヤ,1,牡4,57,坂井瑠星,1:23.1,1.1/2,8-7,35.8,496(+2),[西] 矢作芳人,https://db.netkeiba.com/race/202507030207/
202507030207,第42回東海S(GIII),4,4,3,オメガギネス,202507030207|3|オメガギネス,2,牡5,57,岩田康誠,1:23.2,1/2,11-10,35.6,504(0),[西] 安田翔伍,https://db.netkeiba.com/race/202507030207/
202507030207,第42回東海S(GIII),5,5,16,サンライズフレイム,202507030207|16|サンライズフレイム,8,牡5,57,菱田裕二,1:23.2,クビ,10-10,35.8,518(-2),[西] 石坂公一,https://db.netkeiba.com/race/202507030207/
202507030207,第42回東海S(GIII),6,6,13,コンクイスタ,202507030207|13|コンクイスタ,7,セ5,57,松山弘平,1:23.4,3/4,6-7,36.3,476(-8),[西] 吉岡辰弥,https://db.netkeiba.com/race/202507030207/
202507030207,第42回東海S(GIII),7,7,15,リジル,202507030207|15|リジル,8,牝4,55,田口貫太,1:23.7,2,1-1,37.4,484(-8),[西] 奥村豊,https://db.netkeiba.com/race/202507030207/
202507030207,第42回東海S(GIII),8,8,12,アルファマム,202507030207|12|アルファマム,6,牝6,55,団野大成,1:23.8,1/2,16-13,35.9,462(-4),[西] 佐々木晶,https://db.netkeiba.com/race/202507030207/
202507030207,第42回東海S(GIII),9,9,6,ダノンスコーピオン,202507030207|6|ダノンスコーピオン,3,牡6,59,幸英明,1:24.0,1,14-13,36.2,468(+7),[西] 福永祐一,https://db.netkeiba.com/race/202507030207/
202507030207,第42回東海S(GIII),10,10,14,サンライズホーク,202507030207|14|サンライズホーク,7,セ6,57,吉村誠之,1:24.2,1.1/4,13-13,36.5,516(+5),[西] 牧浦充徳,https://db.netkeiba.com/race/202507030207/
202507030207,第42回東海S(GIII),11,11,4,エートラックス,202507030207|4|エートラックス,2,牡4,58,バデル,1:24.2,アタマ,4-4,37.4,514(-2),[西] 宮本博,https://db.netkeiba.com/race/202507030207/
202507030207,第42回東海S(GIII),12,12,5,イグザルト,202507030207|5|イグザルト,3,牡6,57,御神本訓,1:24.2,クビ,14-13,36.4,512(+6),[地] 荒山勝徳,https://db.netkeiba.com/race/202507030207/
202507030207,第42回東海S(GIII),13,13,10,ヴィクティファルス,202507030207|10|ヴィクティファルス,5,セ7,58,亀田温心,1:24.4,1.1/4,11-12,36.8,484(0),[西] 池添学,https://db.netkeiba.com/race/202507030207/
202507030207,第42回東海S(GIII),14,14,11,ロードエクレール,202507030207|11|ロードエクレール,6,牡7,57,高杉吏麒,1:24.8,2.1/2,2-3,38.2,484(-2),[東] 斎藤誠,https://db.netkeiba.com/race/202507030207/
202507030207,第42回東海S(GIII),15,15,9,ライツフォル,202507030207|9|ライツフォル,5,牡5,57,小沢大仁,1:24.9,クビ,4-4,38.1,496(+2),[西] 高橋義忠,https://db.netkeiba.com/race/202507030207/
202507030207,第42回東海S(GIII),16,16,1,アドバンスファラオ,202507030207|1|アドバンスファラオ,1,牡5,57,松若風馬,1:25.4,3,8-7,38.1,498(+8),[西] 森秀行,https://db.netkeiba.com/race/202507030207/
202505050311,第30回武蔵野S(GIII),1,1,16,ルクソールカフェ,202505050311|16|ルクソールカフェ,8,牡3,56,レーン,1:35.2,,4-4,34.9,544(-2),[東] 堀宣行,https://db.netkeiba.com/race/202505050311/
202505050311,第30回武蔵野S(GIII),2,2,4,コスタノヴァ,202505050311|4|コスタノヴァ,2,牡5,59,ルメール,1:35.8,3.1/2,14-14,34.8,492(0),[東] 木村哲也,https://db.netkeiba.com/race/202505050311/
202505050311,第30回武蔵野S(GIII),3,3,1,ビダーヤ,202505050311|1|ビダーヤ,1,牡4,57,川田将雅,1:35.8,ハナ,11-11,35.0,492(-4),[西] 矢作芳人,https://db.netkeiba.com/race/202505050311/
202505050311,第30回武蔵野S(GIII),4,4,15,サンライズフレイム,202505050311|15|サンライズフレイム,8,牡5,57,菱田裕二,1:35.8,アタマ,7-7,35.3,520(+4),[西] 石坂公一,https://db.netkeiba.com/race/202505050311/
202505050311,第30回武蔵野S(GIII),5,5,3,ロードフォンス,202505050311|3|ロードフォンス,2,牡5,57,横山和生,1:35.8,クビ,7-7,35.3,496(-6),[西] 安田翔伍,https://db.netkeiba.com/race/202505050311/
202505050311,第30回武蔵野S(GIII),6,6,2,ヴァルツァーシャル,202505050311|2|ヴァルツァーシャル,1,牡6,57,菅原明良,1:36.0,1.1/4,14-14,34.9,506(+6),[東] 高木登,https://db.netkeiba.com/race/202505050311/
202505050311,第30回武蔵野S(GIII),7,7,11,オメガギネス,202505050311|11|オメガギネス,6,牡5,57,岩田康誠,1:36.1,クビ,11-11,35.3,494(-2),[西] 安田翔伍,https://db.netkeiba.com/race/202505050311/
202505050311,第30回武蔵野S(GIII),8,8,12,ラタフォレスト,202505050311|12|ラタフォレスト,6,牡4,57,マーカン,1:36.1,クビ,7-10,35.5,508(-4),[東] 加藤征弘,https://db.netkeiba.com/race/202505050311/
202505050311,第30回武蔵野S(GIII),9,9,14,ペプチドナイル,202505050311|14|ペプチドナイル,7,牡7,58,藤岡佑介,1:36.2,クビ,3-2,36.2,530(-2),[西] 武英智,https://db.netkeiba.com/race/202505050311/
202505050311,第30回武蔵野S(GIII),10,10,9,マテンロウコマンド,202505050311|9|マテンロウコマンド,5,牡3,57,松山弘平,1:36.3,3/4,4-4,36.0,520(0),[西] 長谷川浩,https://db.netkeiba.com/race/202505050311/
202505050311,第30回武蔵野S(GIII),11,11,10,ダノンスコーピオン,202505050311|10|ダノンスコーピオン,5,牡6,58,小崎綾也,1:36.4,クビ,4-4,36.1,458(-14),[西] 福永祐一,https://db.netkeiba.com/race/202505050311/
202505050311,第30回武蔵野S(GIII),12,12,13,ウェットシーズン,202505050311|13|ウェットシーズン,7,セ4,57,三浦皇成,1:36.4,クビ,2-2,36.5,518(-4),[東] 田中博康,https://db.netkeiba.com/race/202505050311/
202505050311,第30回武蔵野S(GIII),13,13,6,アサカラキング,202505050311|6|アサカラキング,3,牡5,57,津村明秀,1:36.5,3/4,1-1,36.8,530(+4),[東] 斎藤誠,https://db.netkeiba.com/race/202505050311/
202505050311,第30回武蔵野S(GIII),14,14,7,アドマイヤデイトナ,202505050311|7|アドマイヤデイトナ,4,牡3,57,横山武史,1:36.6,1/2,7-7,36.1,514(-1),[東] 加藤征弘,https://db.netkeiba.com/race/202505050311/
202505050311,第30回武蔵野S(GIII),15,15,5,バトルクライ,202505050311|5|バトルクライ,3,牡6,57,戸崎圭太,1:37.0,2.1/2,11-11,36.2,504(-2),[東] 高木登,https://db.netkeiba.com/race/202505050311/
202505050311,第30回武蔵野S(GIII),16,16,8,サンライズホーク,202505050311|8|サンライズホーク,4,セ6,57,佐々木大,1:37.2,1,16-16,36.0,514(+6),[西] 牧浦充徳,https://db.netkeiba.com/race/202505050311/
